player_id,player,year,round,pick,position,school,last_name,first_name
23615,Alaa Abdelnaby,1990,1,25,PF,Duke,Abdelnaby,Alaa
23617,Tariq Abdul-Wahad,1997,1,11,SF,San Jose State,Abdul-Wahad,Tariq
23618,Shareef Abdur-Rahim,1996,1,3,F,California,Abdur-Rahim,Shareef
23620,Alex Acker,2005,2,60,G,Pepperdine,Acker,Alex
23621,Mark Acres,1985,2,40,F/C,Oral Roberts,Acres,Mark
23622,Quincy Acy,2012,2,37,PF,Baylor,Acy,Quincy
23623,Hassan Adams,2006,2,54,G,Arizona,Adams,Hassan
23624,Jordan Adams,2014,1,22,SG,UCLA,Adams,Jordan
23626,Steven Adams,2013,1,12,C,Pittsburgh,Adams,Steven
23627,Rafael Addison,1986,2,39,SF,Syracuse,Addison,Rafael
23628,Bam Adebayo,2017,1,14,PF/C,Kentucky,Adebayo,Bam
23630,Arron Afflalo,2007,1,27,SG,UCLA,Afflalo,Arron
23631,Maurice Ager,2006,1,28,G,Michigan State,Ager,Maurice
23632,Mark Aguirre,1981,1,1,G/F,DePaul,Aguirre,Mark
23634,Danny Ainge,1981,2,31,G/F,Brigham Young,Ainge,Danny
23637,Solomon Alabi,2010,2,50,C,Florida State,Alabi,Solomon
23638,Mark Alarie,1986,1,18,PF,Duke,Alarie,Mark
23639,Furkan Aldemir,2012,2,53,PF,Galatasaray,Aldemir,Furkan
23640,Cole Aldrich,2010,1,11,C,Kansas,Aldrich,Cole
23641,LaMarcus Aldridge,2006,1,2,PF,Texas,Aldridge,LaMarcus
23644,Cory Alexander,1995,1,29,PG,Virginia,Alexander,Cory
23645,Courtney Alexander,2000,1,13,SG,Fresno State,Alexander,Courtney
23647,Joe Alexander,2008,1,8,SF,West Virginia,Alexander,Joe
23648,Victor Alexander,1991,1,17,C,Iowa State,Alexander,Victor
23649,Steve Alford,1987,2,26,SG,Indiana,Alford,Steve
23650,Jarrett Allen,2017,1,22,C,Texas,Allen,Jarrett
23651,Jerome Allen,1995,2,49,G,Pennsylvania,Allen,Jerome
23652,Kadeem Allen,2017,2,53,SG,Arizona,Allen,Kadeem
23653,Lavoy Allen,2011,2,50,PF,Temple,Allen,Lavoy
23656,Ray Allen,1996,1,5,G,Connecticut,Allen,Ray
23657,Tony Allen,2004,1,25,SG,Oklahoma State,Allen,Tony
23660,Morris Almond,2007,1,25,SG,Rice,Almond,Morris
23661,Derrick Alston,1994,2,33,F,Duquesne,Alston,Derrick
23662,Rafer Alston,1998,2,39,PG,Fresno State,Alston,Rafer
23666,Al-Farouq Aminu,2010,1,8,SF,Wake Forest,Aminu,Al-Farouq
23669,David Andersen,2002,2,37,C,Virtus Bologna,Andersen,David
23672,Derek Anderson,1997,1,13,SG,Kentucky,Anderson,Derek
23673,Dwight Anderson,1982,2,41,G,USC,Anderson,Dwight
23677,James Anderson,2010,1,20,SG,Oklahoma State,Anderson,James
23678,Justin Anderson,2015,1,21,SF,Virginia,Anderson,Justin
23679,Kenny Anderson,1991,1,2,PG,Georgia Tech,Anderson,Kenny
23680,Kyle Anderson,2014,1,30,SF,UCLA,Anderson,Kyle
23682,Nick Anderson,1989,1,11,SF/SG,Illinois,Anderson,Nick
23683,Richard Anderson,1982,2,32,PF,UC Santa Barbara,Anderson,Richard
23684,Ron Anderson,1984,2,27,G/F,Fresno State,Anderson,Ron
23685,Ryan Anderson,2008,1,21,PF,California,Anderson,Ryan
23686,Shandon Anderson,1996,2,54,F,Georgia,Anderson,Shandon
23687,Willie Anderson,1988,1,10,SG,Georgia,Anderson,Willie
23689,Ike Anigbogu,2017,2,47,C,UCLA,Anigbogu,Ike
23690,Michael Ansley,1989,2,37,F,Alabama,Ansley,Michael
23691,Chris Anstey,1997,1,18,PF,SE Melbourne Magic,Anstey,Chris
23692,Giannis Antetokounmpo,2013,1,15,SF/PF,Filathlitikos,Antetokounmpo,Giannis
23693,Thanasis Antetokounmpo,2014,2,51,SF,Delaware 87ers,Antetokounmpo,Thanasis
23694,Carmelo Anthony,2003,1,3,SF,Syracuse,Anthony,Carmelo
23695,Greg Anthony,1991,1,12,PG,UNLV,Anthony,Greg
23698,OG Anunoby,2017,1,23,SF,Indiana,Anunoby,OG
23701,Robert Archibald,2002,2,32,PF,Illinois,Archibald,Robert
23703,Gilbert Arenas,2001,2,31,PG,Arizona,Arenas,Gilbert
23704,Trevor Ariza,2004,2,43,SF,UCLA,Ariza,Trevor
23707,Brandon Armstrong,2001,1,23,SG,Pepperdine,Armstrong,Brandon
23709,Hilton Armstrong,2006,1,12,C,Connecticut,Armstrong,Hilton
23711,Darrell Arthur,2008,1,27,PF,Kansas,Arthur,Darrell
23714,Vincent Askew,1987,2,39,SG/SF,Memphis State,Askew,Vincent
23717,Stacey Augmon,1991,1,9,SG/SF,UNLV,Augmon,Stacey
23719,James Augustine,2006,2,41,F,Illinois,Augustine,James
23720,Isaac Austin,1991,2,48,C,Arizona State,Austin,Isaac
23722,Anthony Avent,1991,1,15,PF,Seton Hall,Avent,Anthony
23723,William Avery,1999,1,14,PG,Duke,Avery,William
23728,Luke Babbitt,2010,1,16,SF,Nevada,Babbitt,Luke
23730,Dwayne Bacon,2017,2,40,SG,Florida State,Bacon,Dwayne
23732,John Bagley,1982,1,12,PG,Boston College,Bagley,John
23735,Thurl Bailey,1983,1,7,PF,NC State,Bailey,Thurl
23736,Toby Bailey,1998,2,45,SG,UCLA,Bailey,Toby
23737,Cameron Bairstow,2014,2,49,PF/C,New Mexico,Bairstow,Cameron
23741,Vin Baker,1993,1,8,PF,Hartford,Baker,Vin
23743,Renaldo Balkman,2006,1,20,F,South Carolina,Balkman,Renaldo
23745,Lonzo Ball,2017,1,2,PG,UCLA,Ball,Lonzo
23746,Gene Banks,1981,2,28,G/F,Duke,Banks,Gene
23747,Marcus Banks,2003,1,13,PG,UNLV,Banks,Marcus
23749,Leandro Barbosa,2003,1,28,SG,Bauru Tilibra,Barbosa,Leandro
23750,Steve Bardo,1990,2,41,G,Illinois,Bardo,Steve
23752,Andrea Bargnani,2006,1,1,PF,Benetton Treviso,Bargnani,Andrea
23753,Charles Barkley,1984,1,5,F,Auburn,Barkley,Charles
23754,Erick Barkley,2000,1,28,PG,St. John's,Barkley,Erick
23755,Harrison Barnes,2012,1,7,SF,North Carolina,Barnes,Harrison
23756,Matt Barnes,2002,2,46,SF,UCLA,Barnes,Matt
23759,Dana Barros,1989,1,16,PG,Boston College,Barros,Dana
23760,Brent Barry,1995,1,15,SG,Oregon State,Barry,Brent
23761,Drew Barry,1996,2,57,G,Georgia Tech,Barry,Drew
23762,Jon Barry,1992,1,21,SG,Georgia Tech,Barry,Jon
23763,Will Barton,2012,2,40,SG,Memphis,Barton,Will
23765,Brandon Bass,2005,2,33,F,LSU,Bass,Brandon
23766,Maceo Baston,1998,2,58,PF,Michigan,Baston,Maceo
23771,Tony Battie,1997,1,5,C/F,Texas Tech,Battie,Tony
23772,Shane Battier,2001,1,6,SF,Duke,Battier,Shane
23774,Kenny Battle,1989,1,27,PF,Illinois,Battle,Kenny
23776,Nicolas Batum,2008,1,25,SF,Le Mans,Batum,Nicolas
23777,Lonny Baxter,2002,2,44,PF,Maryland,Baxter,Lonny
23778,Jerryd Bayless,2008,1,11,PG,Arizona,Bayless,Jerryd
23782,Bradley Beal,2012,1,3,SG,Florida,Beal,Bradley
23783,Jerome Beasley,2003,2,33,PF,North Dakota,Beasley,Jerome
23784,Malik Beasley,2016,1,19,SG,Florida State,Beasley,Malik
23785,Michael Beasley,2008,1,2,PF,Kansas State,Beasley,Michael
23786,Rodrigue Beaubois,2009,1,25,PG,Cholet,Beaubois,Rodrigue
23788,William Bedford,1986,1,6,C,Memphis State,Bedford,William
23789,Marco Belinelli,2007,1,18,SG,Fortitudo Bologna,Belinelli,Marco
23791,Jordan Bell,2017,2,38,PF,Oregon,Bell,Jordan
23793,Troy Bell,2003,1,16,PG,Boston College,Bell,Troy
23794,DeAndre' Bembry,2016,1,21,SF,Saint Joseph's,Bembry,DeAndre'
23795,Dragan Bender,2016,1,4,PF/C,Maccabi FOX Tel Aviv,Bender,Dragan
23796,Jonathan Bender,1999,1,5,PF,Picayune Memorial HS,Bender,Jonathan
23798,Benoit Benjamin,1985,1,3,C,Creighton,Benjamin,Benoit
23799,Corey Benjamin,1998,1,28,SG,Oregon State,Benjamin,Corey
23800,Anthony Bennett,2013,1,1,PF/SF,UNLV,Bennett,Anthony
23801,Elmer Bennett,1992,2,38,G,Notre Dame,Bennett,Elmer
23802,Mario Bennett,1995,1,27,PF,Arizona State,Bennett,Mario
23803,Tony Bennett,1992,2,35,G,Wisconsin Green Bay,Bennett,Tony
23806,Keith Benson,2011,2,48,C,Oakland,Benson,Keith
23807,Ben Bentil,2016,2,51,PF,Providence,Bentil,Ben
23808,Ricky Berry,1988,1,18,SG,San Jose State,Berry,Ricky
23809,Walter Berry,1986,1,14,SF/PF,St. John's,Berry,Walter
23811,Travis Best,1995,1,23,PG,Georgia Tech,Best,Travis
23812,Patrick Beverley,2009,2,42,PG,Arkansas,Beverley,Patrick
23814,Mike Bibby,1998,1,2,PG,Arizona,Bibby,Mike
23816,Chauncey Billups,1997,1,3,PG,Colorado,Billups,Chauncey
23819,Jabari Bird,2017,2,56,SG,California,Bird,Jabari
23821,Bismack Biyombo,2011,1,7,C,Fuenlabrada,Biyombo,Bismack
23822,Nemanja Bjelica,2010,2,35,SF,Red Star Belgrade,Bjelica,Nemanja
23823,Uwe Blab,1985,1,17,C,Indiana,Blab,Uwe
23826,Rolando Blackman,1981,1,9,G,Kansas State,Blackman,Rolando
23828,Cory Blackwell,1984,2,28,F,Wisconsin,Blackwell,Cory
23830,Nate Blackwell,1987,2,27,PG,Temple,Blackwell,Nate
23831,DeJuan Blair,2009,2,37,PF,Pittsburgh,Blair,DeJuan
23832,Steve Blake,2003,2,38,PG,Maryland,Blake,Steve
23834,Will Blalock,2006,2,60,G,Iowa State,Blalock,Will
23835,Lance Blanks,1990,1,26,PG/SG,Texas,Blanks,Lance
23836,Ricky Blanton,1989,2,46,F,LSU,Blanton,Ricky
23837,Andray Blatche,2005,2,49,F,South Kent School,Blatche,Andray
23838,Mookie Blaylock,1989,1,12,PG,Oklahoma,Blaylock,Mookie
23839,Eric Bledsoe,2010,1,18,PG,Kentucky,Bledsoe,Eric
23840,Corie Blount,1993,1,25,PF,Cincinnati,Blount,Corie
23841,Mark Blount,1997,2,54,C,Pittsburgh,Blount,Mark
23843,Ray Blume,1981,2,36,G,Oregon State,Blume,Ray
23845,Keith Bogans,2003,2,43,SG,Kentucky,Bogans,Keith
23848,Muggsy Bogues,1987,1,12,PG,Wake Forest,Bogues,Muggsy
23849,Andrew Bogut,2005,1,1,C,Utah,Bogut,Andrew
23851,Manute Bol,1985,2,31,C,Bridgeport,Bol,Manute
23852,Joel Bolomboy,2016,2,52,PF/C,Weber State,Bolomboy,Joel
23855,Anthony Bonner,1990,1,23,PF/SF,Saint Louis,Bonner,Anthony
23856,Matt Bonner,2003,2,45,F,Florida,Bonner,Matt
23857,Devin Booker,2015,1,13,SG,Kentucky,Booker,Devin
23859,Trevor Booker,2010,1,23,PF,Clemson,Booker,Trevor
23860,Josh Boone,2006,1,23,F,Connecticut,Boone,Josh
23861,Calvin Booth,1999,2,35,C,Penn State,Booth,Calvin
23862,Keith Booth,1997,1,28,SF,Maryland,Booth,Keith
23863,Carlos Boozer,2002,2,35,PF,Duke,Boozer,Carlos
23864,Curtis Borchardt,2002,1,18,C,Stanford,Borchardt,Curtis
23866,Chris Bosh,2003,1,4,PF/C,Georgia Tech,Bosh,Chris
23868,Ruben Boumtje-Boumtje,2001,2,50,C,Georgetown,Boumtje-Boumtje,Ruben
23869,Cal Bowdler,1999,1,17,PF,Old Dominion,Bowdler,Cal
23871,Ryan Bowen,1998,2,55,SF,Iowa,Bowen,Ryan
23873,Sam Bowie,1984,1,2,C,Kentucky,Bowie,Sam
23875,Donnie Boyce,1995,2,42,G,Colorado,Boyce,Donnie
23878,Craig Brackins,2010,1,21,PF,Iowa State,Brackins,Craig
23880,Avery Bradley,2010,1,19,SG,Texas,Bradley,Avery
23881,Charles Bradley,1981,1,23,G,Wyoming,Bradley,Charles
23883,Michael Bradley,2001,1,17,PF,Villanova,Bradley,Michael
23884,Shawn Bradley,1993,1,2,C,BYU,Bradley,Shawn
23885,Tony Bradley,2017,1,28,PF/C,North Carolina,Bradley,Tony
23888,Torraye Braggs,1998,2,57,PF,Xavier,Braggs,Torraye
23890,Adrian Branch,1985,2,46,SF,Maryland,Branch,Adrian
23891,Elton Brand,1999,1,1,PF/C,Duke,Brand,Elton
23892,Terrell Brandon,1991,1,11,PG,Oregon,Brandon,Terrell
23893,Brad Branson,1980,2,45,F/C,SMU,Branson,Brad
23896,Randy Breuer,1983,1,18,C,Minnesota,Breuer,Randy
23897,Corey Brewer,1998,2,51,PG,Oklahoma,Brewer,Corey
23897,Corey Brewer,2007,1,7,SF,Florida,Brewer,Corey
23898,Jamison Brewer,2001,2,41,PG,Auburn,Brewer,Jamison
23899,Ronnie Brewer,2006,1,14,SG,Arkansas,Brewer,Ronnie
23902,Mike Brittain,1985,2,29,C,South Carolina,Brittain,Mike
23904,Jon Brockman,2009,2,38,PF,Washington,Brockman,Jon
23906,Malcolm Brogdon,2016,2,36,PG/SG,Virginia,Brogdon,Malcolm
23907,Aaron Brooks,2007,1,26,PG,Oregon,Brooks,Aaron
23908,Dillon Brooks,2017,2,45,SF,Oregon,Brooks,Dillon
23909,Kevin Brooks,1991,1,18,SF,Southwestern Louisiana,Brooks,Kevin
23910,MarShon Brooks,2011,1,25,SG,Providence,Brooks,MarShon
23911,Michael Brooks,1980,1,9,F,La Salle,Brooks,Michael
23914,Anthony Brown,2015,2,34,SF,Stanford,Brown,Anthony
23916,Chucky Brown,1989,2,43,PF,North Carolina State,Brown,Chucky
23917,Damone Brown,2001,2,37,SF,Syracuse,Brown,Damone
23919,Dee Brown,2006,2,46,G,Illinois,Brown,Dee
23919,Dee Brown,1990,1,19,SG,Jacksonville,Brown,Dee
23920,Derrick Brown,2009,2,40,SF,Xavier,Brown,Derrick
23922,Ernest Brown,2000,2,52,C,Indian Hills CC,Brown,Ernest
23925,Jaylen Brown,2016,1,3,SF/SG,California,Brown,Jaylen
23926,Kedrick Brown,2001,1,11,SF,Okaloosa-Walton CC,Brown,Kedrick
23927,Kwame Brown,2001,1,1,C,Glynn Academy,Brown,Kwame
23929,Lorenzo Brown,2013,2,52,PG,NC State,Brown,Lorenzo
23930,Marcus Brown,1996,2,46,G,Murray State,Brown,Marcus
23931,Markel Brown,2014,2,44,SG,Oklahoma State,Brown,Markel
23933,Myron Brown,1991,2,34,G,Slippery Rock,Brown,Myron
23935,Randy Brown,1991,2,31,PG,New Mexico State,Brown,Randy
23937,Rickey Brown,1980,1,13,F/C,Mississippi State,Brown,Rickey
23938,Shannon Brown,2006,1,25,G,Michigan State,Brown,Shannon
23939,Sterling Brown,2017,2,46,SG,SMU,Brown,Sterling
23942,Stanley Brundy,1989,2,32,F,DePaul,Brundy,Stanley
23945,Kobe Bryant,1996,1,13,G,Lower Merion HS,Bryant,Kobe
23946,Mark Bryant,1988,1,21,PF,Seton Hall,Bryant,Mark
23947,Thomas Bryant,2017,2,42,PF,Indiana,Bryant,Thomas
23948,Wallace Bryant,1982,2,30,C,San Francisco,Bryant,Wallace
23951,Greg Buckner,1998,2,53,SG,Clemson,Buckner,Greg
23952,Chase Budinger,2009,2,44,SF,Arizona,Budinger,Chase
23953,Jud Buechler,1990,2,38,F/G,Arizona,Buechler,Jud
23954,Rodney Buford,1999,2,53,SG,Creighton,Buford,Rodney
23956,Reggie Bullock,2013,1,25,SF,North Carolina,Bullock,Reggie
23958,Trey Burke,2013,1,9,PG,Michigan,Burke,Trey
23960,Alec Burks,2011,1,12,SG,Colorado,Burks,Alec
23961,Antonio Burks,2004,2,36,PG,Memphis,Burks,Antonio
23964,Evers Burns,1993,2,31,F,Maryland,Burns,Evers
23965,Scott Burrell,1993,1,20,SF,Connecticut,Burrell,Scott
23966,Junior Burrough,1995,2,33,F,Virginia,Burrough,Junior
23967,Willie Burton,1990,1,9,SG,Minnesota,Burton,Willie
23968,Steve Burtt,1984,2,30,G,Iona,Burtt,Steve
23969,Caron Butler,2002,1,10,SF,Connecticut,Butler,Caron
23970,Greg Butler,1988,2,37,C,Stanford,Butler,Greg
23972,Jimmy Butler,2011,1,30,SG,Marquette,Butler,Jimmy
23974,Rasual Butler,2002,2,53,SF,La Salle,Butler,Rasual
23976,Derrick Byars,2007,2,42,SG,Vanderbilt,Byars,Derrick
23977,Andrew Bynum,2005,1,10,C,St. Joseph HS,Bynum,Andrew
23980,Bruno Caboclo,2014,1,20,SF,EC Pinheiros,Caboclo,Bruno
23981,Jason Caffey,1995,1,20,PF,Alabama,Caffey,Jason
23982,Michael Cage,1984,1,14,F/C,San Diego State,Cage,Michael
23983,Nick Calathes,2009,2,45,PG,Florida,Calathes,Nick
23986,Kentavious Caldwell-Pope,2013,1,8,SG,Georgia,Caldwell-Pope,Kentavious
23990,Marcus Camby,1996,1,2,C,Massachusetts,Camby,Marcus
23991,Elden Campbell,1990,1,27,PF/C,Clemson,Campbell,Elden
23992,Tony Campbell,1984,1,20,G/F,Ohio State,Campbell,Tony
23993,Isaiah Canaan,2013,2,34,PG,Murray State,Canaan,Isaiah
23994,Clint Capela,2014,1,25,C,Élan Chalon,Capela,Clint
23995,Derrick Caracter,2010,2,58,PF,UTEP,Caracter,Derrick
23996,Brian Cardinal,2000,2,44,PF,Purdue,Cardinal,Brian
23999,Rodney Carney,2006,1,16,SF,Memphis,Carney,Rodney
24000,Antoine Carr,1983,1,8,PF,Wichita State,Carr,Antoine
24001,Chris Carr,1995,2,56,G,Southern Illinois,Carr,Chris
24002,Cory Carr,1998,2,49,SG,Texas Tech,Carr,Cory
24003,DeMarre Carroll,2009,1,27,SF,Missouri,Carroll,DeMarre
24004,Joe Barry Carroll,1980,1,1,F/C,Purdue,Carroll,Joe Barry
24008,Butch Carter,1980,2,37,G,Indiana,Carter,Butch
24009,Howard Carter,1983,1,15,SG,LSU,Carter,Howard
24012,Vince Carter,1998,1,5,G/F,North Carolina,Carter,Vince
24013,Michael Carter-Williams,2013,1,11,PG,Syracuse,Carter-Williams,Michael
24016,Sam Cassell,1993,1,24,PG,Florida State,Cassell,Sam
24017,Omri Casspi,2009,1,23,SF,Maccabi Tel Aviv,Casspi,Omri
24018,Terry Catledge,1985,1,21,PF,South Alabama,Catledge,Terry
24019,Kelvin Cato,1997,1,15,C,Iowa State,Cato,Kelvin
24021,Willie Cauley-Stein,2015,1,6,C,Kentucky,Cauley-Stein,Willie
24022,Duane Causwell,1990,1,18,C,Temple,Causwell,Duane
24025,Cedric Ceballos,1990,2,48,F,Cal State Fullerton,Ceballos,Cedric
24026,John Celestand,1999,2,30,PG,Villanova,Celestand,John
24027,Lionel Chalmers,2004,2,33,PG,Xavier,Chalmers,Lionel
24028,Mario Chalmers,2008,2,34,PG,Kansas,Chalmers,Mario
24029,Tom Chambers,1981,1,8,F/C,Utah,Chambers,Tom
24031,Tyson Chandler,2001,1,2,C,Dominguez HS,Chandler,Tyson
24032,Wilson Chandler,2007,1,23,SF,DePaul,Chandler,Wilson
24033,Rex Chapman,1988,1,8,SG,Kentucky,Chapman,Rex
24034,Lorenzo Charles,1985,2,41,PF,NC State,Charles,Lorenzo
24035,Calbert Cheaney,1993,1,6,SG/SF,Indiana,Cheaney,Calbert
24037,Derrick Chievous,1988,1,16,SG,Missouri,Chievous,Derrick
24038,Pete Chilcutt,1991,1,27,PF,North Carolina,Chilcutt,Pete
24039,Josh Childress,2004,1,6,G/F,Stanford,Childress,Josh
24040,Randolph Childress,1995,1,19,PG,Wake Forest,Childress,Randolph
24042,Marquese Chriss,2016,1,8,PF,Washington,Chriss,Marquese
24043,Doug Christie,1992,1,17,SG,Pepperdine,Christie,Doug
24045,Rakeem Christmas,2015,2,36,PF/C,Syracuse,Christmas,Rakeem
24046,Semaj Christon,2014,2,55,PG,Xavier,Christon,Semaj
24050,Earl Clark,2009,1,14,SF,Louisville,Clark,Earl
24052,Keon Clark,1998,1,13,F/C,UNLV,Clark,Keon
24054,Jordan Clarkson,2014,2,46,PG,Missouri,Clarkson,Jordan
24057,Charles Claxton,1994,2,50,C,Georgia,Claxton,Charles
24058,Speedy Claxton,2000,1,20,PG,Hofstra,Claxton,Speedy
24059,Mateen Cleaves,2000,1,14,PG,Michigan State,Cleaves,Mateen
24065,Norris Cole,2011,1,28,PG,Cleveland State,Cole,Norris
24066,Ben Coleman,1984,2,37,F,Maryland,Coleman,Ben
24067,Derrick Coleman,1990,1,1,PF/C,Syracuse,Coleman,Derrick
24068,Norris Coleman,1987,2,38,SF,Kansas State,Coleman,Norris
24069,Bimbo Coles,1990,2,40,G,Virginia Tech,Coles,Bimbo
24070,Jason Collier,2000,1,15,C,Georgia Tech,Collier,Jason
24072,Don Collins,1980,1,18,G/F,Washington State,Collins,Don
24073,James Collins,1997,2,36,PG/SG,Florida State,Collins,James
24074,Jarron Collins,2001,2,53,F/C,Stanford,Collins,Jarron
24075,Jason Collins,2001,1,18,C,Stanford,Collins,Jason
24076,John Collins,2017,1,19,PF,Wake Forest,Collins,John
24077,Mardy Collins,2006,1,29,G,Temple,Collins,Mardy
24079,Zach Collins,2017,1,10,C/PF,Gonzaga,Collins,Zach
24081,Darren Collison,2009,1,21,PG,UCLA,Collison,Darren
24082,Nick Collison,2003,1,12,PF,Kansas,Collison,Nick
24084,Steve Colter,1984,2,33,G,New Mexico State,Colter,Steve
24085,Leroy Combs,1983,2,26,SF,Oklahoma State,Combs,Leroy
24086,Dallas Comegys,1987,1,21,C,DePaul,Comegys,Dallas
24087,Mike Conley,2007,1,4,PG,Ohio State,Conley,Mike
24089,Pat Connaughton,2015,2,41,SF,Notre Dame,Connaughton,Pat
24090,Lester Conner,1982,1,14,PG,Oregon State,Conner,Lester
24092,Anthony Cook,1989,1,24,PF/C,Arizona,Cook,Anthony
24093,Brian Cook,2003,1,24,PF,Illinois,Cook,Brian
24094,Daequan Cook,2007,1,21,SG,Ohio State,Cook,Daequan
24097,Omar Cook,2001,2,32,PG,St. John's,Cook,Omar
24102,Duane Cooper,1992,2,36,G,USC,Cooper,Duane
24108,Tyrone Corbin,1985,2,35,SF/PF,DePaul,Corbin,Tyrone
24109,Chris Corchiani,1991,2,36,G,NC State,Corchiani,Chris
24112,James Cotton,1997,2,32,SF,Long Beach State,Cotton,James
24116,DeMarcus Cousins,2010,1,5,C,Kentucky,Cousins,DeMarcus
24119,Allen Crabbe,2013,2,31,SG,California,Crabbe,Allen
24121,Chris Crawford,1997,2,50,SF,Marquette,Crawford,Chris
24122,Jamal Crawford,2000,1,8,SG,Michigan,Crawford,Jamal
24123,Joe Crawford,2008,2,58,SG,Kentucky,Crawford,Joe
24124,Jordan Crawford,2010,1,27,SG,Xavier,Crawford,Jordan
24128,Javaris Crittenton,2007,1,19,PG,Georgia Tech,Crittenton,Javaris
24130,Austin Croshere,1997,1,12,PF,Providence,Croshere,Austin
24132,Russell Cross,1983,1,6,C,Purdue,Cross,Russell
24135,Jae Crowder,2012,2,34,SF,Marquette,Crowder,Jae
24137,Terry Cummings,1982,1,2,PF,DePaul,Cummings,Terry
24138,Vonteego Cummings,1999,1,26,PG,Pittsburgh,Cummings,Vonteego
24139,Dante Cunningham,2009,2,33,PF,Villanova,Cunningham,Dante
24140,Jared Cunningham,2012,1,24,SG,Oregon St.,Cunningham,Jared
24144,Bill Curley,1994,1,22,PF,Boston College,Curley,Bill
24145,Dell Curry,1986,1,15,SG/SF,Virginia Tech,Curry,Dell
24146,Eddy Curry,2001,1,4,C,Thornwood HS,Curry,Eddy
24147,JamesOn Curry,2007,2,51,PG,Oklahoma State,Curry,JamesOn
24150,Stephen Curry,2009,1,7,PG,Davidson,Curry,Stephen
24152,Quintin Dailey,1982,1,7,SG,San Francisco,Dailey,Quintin
24153,Samuel Dalembert,2001,1,26,C,Seton Hall,Dalembert,Samuel
24154,Erick Dampier,1996,1,10,C,Mississippi State,Dampier,Erick
24155,Antonio Daniels,1997,1,4,PG,Bowling Green,Daniels,Antonio
24161,Yinka Dare,1994,1,14,C,George Washington,Dare,Yinka
24163,Brad Daugherty,1986,1,1,C,North Carolina,Daugherty,Brad
24165,Jermareo Davidson,2007,2,36,PF,Alabama,Davidson,Jermareo
24167,Anthony Davis,2012,1,1,PF/C,Kentucky,Davis,Anthony
24168,Antonio Davis,1990,2,45,F/C,UTEP,Davis,Antonio
24169,Baron Davis,1999,1,3,PG,UCLA,Davis,Baron
24170,Ben Davis,1996,2,43,F,Arizona,Davis,Ben
24171,Brian Davis,1992,2,48,F/G,Duke,Davis,Brian
24172,Charles Davis,1981,2,35,F,Vanderbilt,Davis,Charles
24173,Dale Davis,1991,1,13,PF,Clemson,Davis,Dale
24174,Deyonta Davis,2016,2,31,PF/C,Michigan State,Davis,Deyonta
24175,Ed Davis,2010,1,13,PF,North Carolina,Davis,Ed
24177,Glen Davis,2007,2,35,PF,LSU,Davis,Glen
24178,Hubert Davis,1992,1,20,SG,North Carolina,Davis,Hubert
24181,Mark Davis,1995,2,48,G/F,Texas Tech,Davis,Mark
24182,Mike Davis,1983,2,42,SG,Alabama,Davis,Mike
24183,Monti Davis,1980,1,21,F,Tennessee State,Davis,Monti
24184,Paul Davis,2006,2,34,C,Michigan State,Davis,Paul
24185,Ricky Davis,1998,1,21,G/F,Iowa,Davis,Ricky
24188,Johnny Dawkins,1986,1,10,PG,Duke,Dawkins,Johnny
24190,Branden Dawson,2015,2,56,SF,Michigan State,Dawson,Branden
24193,Todd Day,1992,1,8,SG,Arkansas,Day,Todd
24194,Austin Daye,2009,1,15,SF,Gonzaga,Daye,Austin
24198,Andrew DeClercq,1995,2,34,PF/C,Florida,DeClercq,Andrew
24200,Terry Dehere,1993,1,13,SG,Seton Hall,Dehere,Terry
24202,Sam Dekker,2015,1,18,SF,Wisconsin,Dekker,Sam
24203,Vinny Del Negro,1988,2,29,SG,NC State,Del Negro,Vinny
24206,Carlos Delfino,2003,1,25,SG,Skipper Bologna,Delfino,Carlos
24207,Tony Delk,1996,1,16,G,Kentucky,Delk,Tony
24209,Fennis Dembo,1988,2,30,PF,Wyoming,Dembo,Fennis
24212,Luol Deng,2004,1,7,SF,Duke,Deng,Luol
24215,DeMar DeRozan,2009,1,9,SG,USC,DeRozan,DeMar
24216,Derrick Dial,1998,2,52,SG,Eastern Michigan,Dial,Derrick
24217,Cheick Diallo,2016,2,33,PF/C,Kansas,Diallo,Cheick
24218,Boris Diaw,2003,1,21,PF,Pau-Orthez,Diaw,Boris
24220,Guillermo Diaz,2006,2,52,G,Miami (FL),Diaz,Guillermo
24221,Dan Dickau,2002,1,28,PG,Gonzaga,Dickau,Dan
24222,Kaniel Dickens,2000,2,50,F,Idaho,Dickens,Kaniel
24223,Michael Dickerson,1998,1,14,SG,Arizona,Dickerson,Michael
24224,Travis Diener,2005,2,38,G,Marquette,Diener,Travis
24225,Gorgui Dieng,2013,1,21,C,Louisville,Dieng,Gorgui
24228,Spencer Dinwiddie,2014,2,38,PG/SG,Colorado,Dinwiddie,Spencer
24229,Ike Diogu,2005,1,9,F,Arizona State,Diogu,Ike
24230,DeSagana Diop,2001,1,8,C,Oak Hill Academy,Diop,DeSagana
24231,Vlade Divac,1989,1,26,C,KK Partizan,Divac,Vlade
24232,Juan Dixon,2002,1,17,PG,Maryland,Dixon,Juan
24234,Michael Doleac,1998,1,12,C,Utah,Doleac,Michael
24237,Keyon Dooling,2000,1,10,SG,Missouri,Dooling,Keyon
24238,Joey Dorsey,2008,2,33,PF,Memphis,Dorsey,Joey
24239,Tyler Dorsey,2017,2,41,SG,Oregon,Dorsey,Tyler
24240,Damyean Dotson,2017,2,44,SG,Houston,Dotson,Damyean
24241,Quincy Douby,2006,1,19,G,Rutgers,Douby,Quincy
24244,Sherman Douglas,1989,2,28,G,Syracuse,Douglas,Sherman
24245,Toney Douglas,2009,1,29,PG,Florida State,Douglas,Toney
24246,Chris Douglas-Roberts,2008,2,40,SG,Memphis,Douglas-Roberts,Chris
24251,Greg Dreiling,1986,2,26,C,Kansas,Dreiling,Greg
24252,Bryce Drew,1998,1,16,PG,Valparaíso,Drew,Bryce
24254,Larry Drew,1980,1,17,G,Missouri,Drew,Larry
24255,Clyde Drexler,1983,1,14,SG,Houston,Drexler,Clyde
24257,Predrag Drobnjak,1997,2,48,C,KK Partizan,Drobnjak,Predrag
24259,Andre Drummond,2012,1,9,C,Connecticut,Drummond,Andre
24260,Kevin Duckworth,1986,2,33,C,Eastern Illinois,Duckworth,Kevin
24262,Jared Dudley,2007,1,22,SF,Boston College,Dudley,Jared
24264,Chris Duhon,2004,2,38,PG,Duke,Duhon,Chris
24266,Joe Dumars,1985,1,18,SG,McNeese State,Dumars,Joe
24267,Richard Dumas,1991,2,46,F,Hapoel Holon,Dumas,Richard
24268,Tony Dumas,1994,1,19,SG,UMKC,Dumas,Tony
24269,Tim Duncan,1997,1,1,PF/C,Wake Forest,Duncan,Tim
24271,Kris Dunn,2016,1,5,PG,Providence,Dunn,Kris
24273,Kevin Durant,2007,1,2,SF,Texas,Durant,Kevin
24274,John Duren,1980,1,19,G,Georgetown,Duren,John
24275,Pat Durham,1989,2,35,F,Colorado State,Durham,Pat
24276,Devin Durrant,1984,2,25,F,Brigham Young,Durrant,Devin
24279,Ledell Eackles,1988,2,36,G/F,New Orleans,Eackles,Ledell
24280,Acie Earl,1993,1,19,C,Iowa,Earl,Acie
24281,Cleanthony Early,2014,2,34,SF,Wichita State,Early,Cleanthony
24284,Devin Ebanks,2010,2,43,SF,West Virginia,Ebanks,Devin
24285,Ndudi Ebi,2003,1,26,SF,Westbury Christian HS,Ebi,Ndudi
24289,Keith Edmonson,1982,1,10,SG,Purdue,Edmonson,Keith
24290,Tyus Edney,1995,2,47,PG,UCLA,Edney,Tyus
24292,Blue Edwards,1989,1,21,SF/SG,East Carolina,Edwards,Blue
24293,Corsley Edwards,2002,2,58,PF,Central Connecticut,Edwards,Corsley
24294,Doug Edwards,1993,1,15,SF,Florida State,Edwards,Doug
24295,Franklin Edwards,1981,1,22,G,Cleveland State,Edwards,Franklin
24296,Jay Edwards,1989,2,33,G,Indiana,Edwards,Jay
24298,Kevin Edwards,1988,1,20,SG,DePaul,Edwards,Kevin
24301,Howard Eisley,1994,2,30,PG,Boston College,Eisley,Howard
24302,Obinna Ekezie,1999,2,37,C,Maryland,Ekezie,Obinna
24303,Khalid El-Amin,2000,2,34,PG,Connecticut,El-Amin,Khalid
24305,Henry Ellenson,2016,1,18,PF,Marquette,Ellenson,Henry
24306,Wayne Ellington,2009,1,28,SG,North Carolina,Ellington,Wayne
24307,Sean Elliott,1989,1,3,SF/SG,Arizona,Elliott,Sean
24308,Dale Ellis,1983,1,9,SG,Tennessee,Ellis,Dale
24310,LaPhonso Ellis,1992,1,5,PF,Notre Dame,Ellis,LaPhonso
24311,LeRon Ellis,1991,1,22,PF,Syracuse,Ellis,LeRon
24312,Monta Ellis,2005,2,40,SG,Lanier HS,Ellis,Monta
24313,Pervis Ellison,1989,1,1,PF,Louisville,Ellison,Pervis
24314,Francisco Elson,1999,2,41,C,California,Elson,Francisco
24315,Melvin Ely,2002,1,12,C/PF,Fresno State,Ely,Melvin
24316,Joel Embiid,2014,1,3,C,Kansas,Embiid,Joel
24317,Andre Emmett,2004,2,35,F/G,Texas Tech,Emmett,Andre
24320,A.J. English,1990,2,37,G,Virginia Union,English,A.J.
24322,Kim English,2012,2,44,SG,Missouri,English,Kim
24323,James Ennis,2013,2,50,SF,Long Beach State,Ennis,James
24324,Tyler Ennis,2014,1,18,PG,Syracuse,Ennis,Tyler
24325,Semih Erden,2008,2,60,C,Fenerbahçe Ülker,Erden,Semih
24326,Evan Eschmeyer,1999,2,34,C,Northwestern,Eschmeyer,Evan
24328,Brian Evans,1996,1,27,F,Indiana,Evans,Brian
24330,Jawun Evans,2017,2,39,PG,Oklahoma State,Evans,Jawun
24331,Jeremy Evans,2010,2,55,PF,WKU,Evans,Jeremy
24335,Tyreke Evans,2009,1,4,SG,Memphis,Evans,Tyreke
24336,Daniel Ewing,2005,2,32,G,Duke,Ewing,Daniel
24338,Patrick Ewing,1985,1,1,C,Georgetown,Ewing,Patrick
24339,Dante Exum,2014,1,5,PG/SG,Australian Institute of Sport,Exum,Dante
24340,Christian Eyenga,2009,1,30,SF,CB Prat,Eyenga,Christian
24341,Festus Ezeli,2012,1,30,C,Vanderbilt,Ezeli,Festus
24342,Kenneth Faried,2011,1,22,PF,Morehead State,Faried,Kenneth
24343,Jordan Farmar,2006,1,26,G,UCLA,Farmar,Jordan
24345,Jim Farmer,1987,1,20,SG,Alabama,Farmer,Jim
24348,Derrick Favors,2010,1,3,PF,Georgia Tech,Favors,Derrick
24349,Nick Fazekas,2007,2,34,PF,Nevada,Fazekas,Nick
24350,Jamie Feick,1996,2,48,F,Michigan State,Feick,Jamie
24351,Dave Feitl,1986,2,43,C,UTEP,Feitl,Dave
24352,Kay Felder,2016,2,54,PG,Oakland,Felder,Kay
24354,Carrick Felix,2013,2,33,SG,Arizona State,Felix,Carrick
24356,Raymond Felton,2005,1,5,G,North Carolina,Felton,Raymond
24358,Terrance Ferguson,2017,1,21,SG,Adelaide 36ers,Ferguson,Terrance
24360,Rolando Ferreira,1988,2,26,C,Houston,Ferreira,Rolando
24363,Danny Ferry,1989,1,2,PF,Duke,Ferry,Danny
24364,Kyrylo Fesenko,2007,2,38,C,SK Cherkassy,Fesenko,Kyrylo
24365,Kenny Fields,1984,1,21,G/F,UCLA,Fields,Kenny
24366,Landry Fields,2010,2,39,SG,Stanford,Fields,Landry
24367,Michael Finley,1995,1,21,SF/SG,Wisconsin,Finley,Michael
24369,Matt Fish,1992,2,50,F,UNC-Wilmington,Fish,Matt
24370,Derek Fisher,1996,1,24,G,Arkansas-Little Rock,Fisher,Derek
24372,Marcus Fizer,2000,1,4,PF/SF,Iowa State,Fizer,Marcus
24373,Vern Fleming,1984,1,18,G,Georgia,Fleming,Vern
24374,Luis Flores,2004,2,55,PG,Manhattan,Flores,Luis
24376,Sleepy Floyd,1982,1,13,SG,Georgetown,Floyd,Sleepy
24377,Jonny Flynn,2009,1,6,PG,Syracuse,Flynn,Jonny
24382,Alphonso Ford,1993,2,32,SG,Mississippi Valley State,Ford,Alphonso
24383,Alton Ford,2001,2,51,PF,Houston,Ford,Alton
24385,Sherell Ford,1995,1,26,PF,UIC,Ford,Sherell
24387,Joseph Forte,2001,1,21,SG,North Carolina,Forte,Joseph
24389,Danny Fortson,1997,1,10,PF,Cincinnati,Fortson,Danny
24390,Greg Foster,1990,2,35,F/C,UTEP,Foster,Greg
24391,Jeff Foster,1999,1,21,PF,Southwest Texas State,Foster,Jeff
24392,Rod Foster,1983,2,28,PG,UCLA,Foster,Rod
24393,Antonis Fotsis,2001,2,48,SF,Panathinaikos,Fotsis,Antonis
24394,Evan Fournier,2012,1,20,SG,Poitiers Basket,Fournier,Evan
24395,Tremaine Fowlkes,1998,2,54,SF,Fresno State,Fowlkes,Tremaine
24396,De'Aaron Fox,2017,1,5,PG,Kentucky,Fox,De'Aaron
24397,Rick Fox,1991,1,24,SF,North Carolina,Fox,Rick
24398,Randy Foye,2006,1,7,SG,Villanova,Foye,Randy
24399,Adonal Foyle,1997,1,8,C,Colgate,Foyle,Adonal
24401,Steve Francis,1999,1,2,PG,Maryland,Francis,Steve
24402,Tellis Frank,1987,1,14,PF,WKU,Frank,Tellis
24403,Jamaal Franklin,2013,2,41,SG,San Diego State,Franklin,Jamaal
24406,Jimmer Fredette,2011,1,10,PG/SG,BYU,Fredette,Jimmer
24407,Joel Freeland,2006,1,30,F,Gran Canaria,Freeland,Joel
24408,Matt Freije,2004,2,53,SF,Vanderbilt,Freije,Matt
24409,Channing Frye,2005,1,8,C,Arizona,Frye,Channing
24411,Todd Fuller,1996,1,11,C,NC State,Fuller,Todd
24413,Markelle Fultz,2017,1,1,PG/SG,Washington,Fultz,Markelle
24414,Lawrence Funderburke,1994,2,51,PF,Ohio State,Funderburke,Lawrence
24415,Dan Gadzuric,2002,2,34,C,UCLA,Gadzuric,Dan
24418,Reece Gaines,2003,1,15,F/G,Louisville,Gaines,Reece
24420,Chad Gallagher,1991,2,32,C,Creighton,Gallagher,Chad
24421,Danilo Gallinari,2008,1,6,SF,Olimpia Milano,Gallinari,Danilo
24431,Winston Garland,1987,2,40,PG,Southwest Missouri State,Garland,Winston
24433,Bill Garnett,1982,1,4,SF,Wyoming,Garnett,Bill
24434,Kevin Garnett,1995,1,5,PF,Farragut Academy HS,Garnett,Kevin
24437,Dean Garrett,1988,2,38,C,Indiana,Garrett,Dean
24439,Tom Garrick,1988,2,45,G,Rhode Island,Garrick,Tom
24440,John Garris,1983,2,27,PF,Boston College,Garris,John
24442,Pat Garrity,1998,1,19,PF,Notre Dame,Garrity,Pat
24443,Marc Gasol,2007,2,48,C,Akasvayu Girona,Gasol,Marc
24444,Pau Gasol,2001,1,3,PF/C,FC Barcelona,Gasol,Pau
24445,Chris Gatling,1991,1,16,PF,Old Dominion,Gatling,Chris
24447,Rudy Gay,2006,1,8,SF,Connecticut,Gay,Rudy
24449,Michael Gbinije,2016,2,49,SF,Syracuse,Gbinije,Michael
24450,Reggie Geary,1996,2,56,G,Arizona,Geary,Reggie
24452,Matt Geiger,1992,2,42,C,Georgia Tech,Geiger,Matt
24454,Devean George,1999,1,23,SF,Augsburg,George,Devean
24455,Paul George,2010,1,10,SF,Fresno State,George,Paul
24456,Tate George,1990,1,22,SG,Connecticut,George,Tate
24459,Daniel Gibson,2006,2,42,G,Texas,Gibson,Daniel
24461,Mike Gibson,1982,2,44,F,USC Upstate,Gibson,Mike
24462,Taj Gibson,2009,1,26,PF,USC,Gibson,Taj
24466,Kendall Gill,1990,1,5,SG,Illinois,Gill,Kendall
24468,Armen Gilliam,1987,1,2,PF,UNLV,Gilliam,Armen
24472,Gerald Glass,1990,1,20,SF/SG,Ole Miss,Glass,Gerald
24474,Dion Glover,1999,1,20,SG,Georgia Tech,Glover,Dion
24475,Andreas Glyniadakis,2003,2,58,C,AEK,Glyniadakis,Andreas
24476,Mike Gminski,1980,1,7,C,Duke,Gminski,Mike
24477,Rudy Gobert,2013,1,27,C,Cholet Basket,Gobert,Rudy
24479,Anthony Goldwire,1994,2,52,PG,Houston,Goldwire,Anthony
24480,Ryan Gomes,2005,2,50,F,Providence,Gomes,Ryan
24482,Drew Gooden,2002,1,4,PF/C,Kansas,Gooden,Drew
24484,Archie Goodwin,2013,1,29,SG,Kentucky,Goodwin,Archie
24485,Aaron Gordon,2014,1,4,PF,Arizona,Gordon,Aaron
24486,Ben Gordon,2004,1,3,SG,Connecticut,Gordon,Ben
24488,Eric Gordon,2008,1,7,SG,Indiana,Gordon,Eric
24489,Lancaster Gordon,1984,1,8,G,Louisville,Gordon,Lancaster
24490,Marcin Gortat,2005,2,57,F/C,RheinEnergie Köln,Gortat,Marcin
24491,Andrew Goudelock,2011,2,46,PG,College of Charleston,Goudelock,Andrew
24493,Greg Graham,1993,1,17,SG,Indiana,Graham,Greg
24494,Joey Graham,2005,1,16,F,Oklahoma State,Graham,Joey
24495,Orlando Graham,1988,2,40,F,Auburn-Montgomery,Graham,Orlando
24501,Danny Granger,2005,1,17,SF,New Mexico,Granger,Danny
24502,Stewart Granger,1983,1,24,PG,Villanova,Granger,Stewart
24503,Brian Grant,1994,1,8,PF,Xavier,Grant,Brian
24504,Gary Grant,1988,1,15,PG,Michigan,Grant,Gary
24505,Greg Grant,1989,2,52,G,Trenton State,Grant,Greg
24506,Harvey Grant,1988,1,12,SF,Oklahoma,Grant,Harvey
24507,Horace Grant,1987,1,10,PF/C,Clemson,Grant,Horace
24508,Jerami Grant,2014,2,39,SF,Syracuse,Grant,Jerami
24509,Jerian Grant,2015,1,19,PG,Notre Dame,Grant,Jerian
24510,Josh Grant,1993,2,43,PF,Utah,Grant,Josh
24511,Paul Grant,1997,1,20,C,Wisconsin,Grant,Paul
24513,Aaron Gray,2007,2,49,C,Pittsburgh,Gray,Aaron
24515,Ed Gray,1997,1,22,PG/SG,California,Gray,Ed
24517,Stuart Gray,1984,2,29,F/C,UCLA,Gray,Stuart
24518,Sylvester Gray,1988,2,35,F,Memphis State,Gray,Sylvester
24519,Jeff Grayer,1988,1,13,PG,Iowa State,Grayer,Jeff
24521,Danny Green,2009,2,46,SF,North Carolina,Green,Danny
24523,Draymond Green,2012,2,35,PF,Michigan St.,Green,Draymond
24524,Erick Green,2013,2,46,PG,Virginia Tech,Green,Erick
24525,Gerald Green,2005,1,18,G/F,Gulf Shores Academy,Green,Gerald
24527,Jeff Green,2007,1,5,SF,Georgetown,Green,Jeff
24528,Ken Green,1981,2,34,F,Pan American,Green,Ken
24529,Kenny Green,1985,1,12,F,Wake Forest,Green,Kenny
24530,Litterial Green,1992,2,39,G,Georgia,Green,Litterial
24531,Sean Green,1991,2,41,F/G,Iona,Green,Sean
24532,Sidney Green,1983,1,5,PF,UNLV,Green,Sidney
24533,Taurean Green,2007,2,52,PG,Florida,Green,Taurean
24534,Willie Green,2003,2,41,SG,Detroit,Green,Willie
24536,Orien Greene,2005,2,53,G,Louisiana-Lafayette,Greene,Orien
24539,Claude Gregory,1981,2,41,F,Wisconsin,Gregory,Claude
24542,Blake Griffin,2009,1,1,PF,Oklahoma,Griffin,Blake
24543,Eddie Griffin,2001,1,7,PF,Seton Hall,Griffin,Eddie
24544,Taylor Griffin,2009,2,48,SF,Oklahoma,Griffin,Taylor
24545,Darrell Griffith,1980,1,2,G,Louisville,Griffith,Darrell
24549,Tom Gugliotta,1992,1,6,PF,NC State,Gugliotta,Tom
24553,A.J. Guyton,2000,2,32,PG,Indiana,Guyton,A.J.
24555,Scott Haffner,1989,2,45,G,Evansville,Haffner,Scott
24557,Malik Hairston,2008,2,48,SG,Oregon,Hairston,Malik
24559,Marcus Haislip,2002,1,13,PF,Tennessee,Haislip,Marcus
24563,Steve Hamer,1996,2,38,C,Tennessee,Hamer,Steve
24564,Daniel Hamilton,2016,2,56,SG/SF,Connecticut,Hamilton,Daniel
24565,Jordan Hamilton,2011,1,26,SG,Texas,Hamilton,Jordan
24566,Justin Hamilton,2012,2,45,C,LSU,Hamilton,Justin
24567,Richard Hamilton,1999,1,7,SG/SF,Connecticut,Hamilton,Richard
24572,Geert Hammink,1993,1,26,C,LSU,Hammink,Geert
24573,Tom Hammonds,1989,1,9,PF/C,Georgia Tech,Hammonds,Tom
24575,Darrin Hancock,1994,2,38,G/F,Kansas,Hancock,Darrin
24578,Tyler Hansbrough,2009,1,13,PF,North Carolina,Hansbrough,Tyler
24580,Travis Hansen,2003,2,37,SG,BYU,Hansen,Travis
24582,Bill Hanzlik,1980,1,20,G/F,Notre Dame,Hanzlik,Bill
24583,Luke Harangody,2010,2,52,PF,Notre Dame,Harangody,Luke
24587,James Harden,2009,1,3,SG,Arizona State,Harden,James
24589,Maurice Harkless,2012,1,15,SF,St. John's,Harkless,Maurice
24591,Derek Harper,1983,1,11,PG/SG,Illinois,Harper,Derek
24592,Justin Harper,2011,2,32,PF,Richmond,Harper,Justin
24594,Ron Harper,1986,1,8,SF,Miami (OH),Harper,Ron
24595,Matt Harpring,1998,1,15,F/G,Georgia Tech,Harpring,Matt
24596,Montrezl Harrell,2015,2,32,PF,Louisville,Harrell,Montrezl
24597,Josh Harrellson,2011,2,45,C,Kentucky,Harrellson,Josh
24599,Al Harrington,1998,1,25,F,St. Patrick's High School,Harrington,Al
24601,Othella Harrington,1996,2,30,F/C,Georgetown,Harrington,Othella
24602,Devin Harris,2004,1,5,PG,Wisconsin,Harris,Devin
24604,Gary Harris,2014,1,19,SG,Michigan State,Harris,Gary
24605,Joe Harris,2014,2,33,SG,Virginia,Harris,Joe
24606,Lucious Harris,1993,2,28,PG,Long Beach State,Harris,Lucious
24609,Steve Harris,1985,1,19,SG,Tulsa,Harris,Steve
24611,Tobias Harris,2011,1,19,SF,Tennessee,Harris,Tobias
24614,Andrew Harrison,2015,2,44,PG,Kentucky,Harrison,Andrew
24615,David Harrison,2004,1,29,C,Colorado,Harrison,David
24616,Jason Hart,2000,2,49,PG,Syracuse,Hart,Jason
24617,Josh Hart,2017,1,30,SG,Villanova,Hart,Josh
24619,Donnell Harvey,2000,1,22,SF,Florida,Harvey,Donnell
24620,Scott Haskin,1993,1,14,PF,Oregon State,Haskin,Scott
24622,Trenton Hassell,2001,2,30,SG,Austin Peay,Hassell,Trenton
24623,Scott Hastings,1982,2,29,F/C,Arkansas,Hastings,Scott
24624,Kirk Haston,2001,1,16,PF,Indiana,Haston,Kirk
24625,Spencer Hawes,2007,1,10,C,Washington,Hawes,Spencer
24626,Hersey Hawkins,1988,1,6,SG,Bradley,Hawkins,Hersey
24630,Jarvis Hayes,2003,1,10,F/G,Georgia,Hayes,Jarvis
24632,Gordon Hayward,2010,1,9,SF,Butler,Hayward,Gordon
24633,Lazar Hayward,2010,1,30,SF,Marquette,Hayward,Lazar
24634,Brendan Haywood,2001,1,20,C,North Carolina,Haywood,Brendan
24635,Luther Head,2005,1,24,G,Illinois,Head,Luther
24638,Alan Henderson,1995,1,16,PF,Indiana,Henderson,Alan
24640,Cedric Henderson,1986,2,32,PF,Georgia,Henderson,Cedric
24640,Cedric Henderson,1997,2,44,PF,Memphis,Henderson,Cedric
24643,Gerald Henderson,2009,1,12,SG,Duke,Henderson,Gerald
24647,Mark Hendrickson,1996,2,31,G,Washington State,Hendrickson,Mark
24651,Xavier Henry,2010,1,12,SG,Kansas,Henry,Xavier
24652,John Henson,2012,1,14,PF,North Carolina,Henson,John
24653,Steve Henson,1990,2,44,G,Kansas State,Henson,Steve
24656,Chris Herren,1999,2,33,G,Fresno State,Herren,Chris
24657,Carl Herrera,1990,2,30,PF,Houston,Herrera,Carl
24659,Mario Hezonja,2015,1,5,SG/SF,FC Barcelona,Hezonja,Mario
24660,Roy Hibbert,2008,1,17,C,Georgetown,Hibbert,Roy
24662,Buddy Hield,2016,1,6,SG,Oklahoma,Hield,Buddy
24665,Rod Higgins,1982,2,31,F/C,Fresno State,Higgins,Rod
24666,Sean Higgins,1990,2,54,G/F,Michigan,Higgins,Sean
24669,George Hill,2008,1,26,PG,IUPUI,Hill,George
24670,Grant Hill,1994,1,3,SF,Duke,Hill,Grant
24671,Jordan Hill,2009,1,8,PF,Arizona,Hill,Jordan
24672,Solomon Hill,2013,1,23,SF,Arizona,Hill,Solomon
24674,Tyrone Hill,1990,1,11,PF,Xavier,Hill,Tyrone
24675,Darrun Hilliard,2015,2,38,SG,Villanova,Hilliard,Darrun
24676,Kirk Hinrich,2003,1,7,PG,Kansas,Hinrich,Kirk
24677,Roy Hinson,1983,1,20,C,Rutgers,Hinson,Roy
24679,Darington Hobson,2010,2,37,SF,New Mexico,Hobson,Darington
24680,Donald Hodge,1991,2,33,C,Temple,Hodge,Donald
24681,Julius Hodge,2005,1,20,G,NC State,Hodge,Julius
24683,Fred Hoiberg,1995,2,52,SG,Iowa State,Hoiberg,Fred
24684,Randy Holcomb,2002,2,57,PF,San Diego State,Holcomb,Randy
24685,Jrue Holiday,2009,1,17,PG,UCLA,Holiday,Jrue
24689,Ryan Hollins,2006,2,50,C,UCLA,Hollins,Ryan
24690,Rondae Hollis-Jefferson,2015,1,23,SF,Arizona,Hollis-Jefferson,Rondae
24691,Richaun Holmes,2015,2,37,SF/PF,Bowling Green,Holmes,Richaun
24693,Jerald Honeycutt,1997,2,38,PF,Tulane,Honeycutt,Jerald
24694,Tyler Honeycutt,2011,2,35,SF,UCLA,Honeycutt,Tyler
24696,Rodney Hood,2014,1,23,SG,Duke,Hood,Rodney
24698,Dennis Hopson,1987,1,3,SF,Ohio State,Hopson,Dennis
24701,Al Horford,2007,1,3,C,Florida,Horford,Al
24702,Tito Horford,1988,2,39,C,Miami (FL),Horford,Tito
24703,Jeff Hornacek,1986,2,46,SG,Iowa State,Hornacek,Jeff
24705,Robert Horry,1992,1,11,SF,Alabama,Horry,Robert
24706,Ed Horton,1989,2,39,PF/C,Iowa,Horton,Ed
24708,Eddie House,2000,2,37,SG,Arizona State,House,Eddie
24709,Allan Houston,1993,1,11,SG,Tennessee,Houston,Allan
24710,Byron Houston,1992,1,27,PF,Oklahoma State,Houston,Byron
24713,Dwight Howard,2004,1,1,C,Southwest Atlanta Christian Academy,Howard,Dwight
24714,Josh Howard,2003,1,29,F/G,Wake Forest,Howard,Josh
24715,Juwan Howard,1994,1,5,PF,Michigan,Howard,Juwan
24718,Lester Hudson,2009,2,58,PG,Tennessee-Martin,Hudson,Lester
24721,Josh Huestis,2014,1,29,SF/PF,Stanford,Huestis,Josh
24723,Alfredrick Hughes,1985,1,14,SG,Loyola (IL),Hughes,Alfredrick
24725,Larry Hughes,1998,1,8,SG,Saint Louis,Hughes,Larry
24727,Robbie Hummel,2012,2,58,SF,Purdue,Hummel,Robbie
24728,Ryan Humphrey,2002,1,19,PF,Notre Dame,Humphrey,Ryan
24729,Jay Humphries,1984,1,13,G,Colorado,Humphries,Jay
24730,Kris Humphries,2004,1,14,PF,Minnesota,Humphries,Kris
24731,Brandon Hunter,2003,2,56,PF,Ohio,Hunter,Brandon
24734,Lindsey Hunter,1993,1,10,PG,Jackson State,Hunter,Lindsey
24737,Steven Hunter,2001,1,15,C,DePaul,Hunter,Steven
24739,Bobby Hurley,1993,1,7,PG,Duke,Hurley,Bobby
24742,Serge Ibaka,2008,1,24,PF,L'Hospitalet,Ibaka,Serge
24743,Andre Iguodala,2004,1,9,SF,Arizona,Iguodala,Andre
24749,Damien Inglis,2014,2,31,SF,Chorale Roanne,Inglis,Damien
24750,Brandon Ingram,2016,1,2,SF,Duke,Ingram,Brandon
24751,Byron Irvin,1989,1,22,SG,Missouri,Irvin,Byron
24752,Kyrie Irving,2011,1,1,PG,Duke,Irving,Kyrie
24753,Jonathan Isaac,2017,1,6,SF/PF,Florida State,Isaac,Jonathan
24754,Mike Iuzzolino,1991,2,35,G,Saint Francis (PA),Iuzzolino,Mike
24755,Allen Iverson,1996,1,1,G,Georgetown,Iverson,Allen
24756,Royal Ivey,2004,2,37,PG,Texas,Ivey,Royal
24758,Jarrett Jack,2005,1,22,G,Georgia Tech,Jack,Jarrett
24759,Bobby Jackson,1997,1,23,PG,Minnesota,Jackson,Bobby
24761,Darnell Jackson,2008,2,52,PF,Kansas,Jackson,Darnell
24762,Demetrius Jackson,2016,2,45,PG,Notre Dame,Jackson,Demetrius
24766,Josh Jackson,2017,1,4,SF,Kansas,Jackson,Josh
24767,Justin Jackson,2017,1,15,SF,North Carolina,Jackson,Justin
24768,Luke Jackson,2004,1,10,SF,Oregon,Jackson,Luke
24769,Marc Jackson,1997,2,37,SF/PF,Temple,Jackson,Marc
24770,Mark Jackson,1987,1,18,PG,St. John's,Jackson,Mark
24771,Michael Jackson,1986,2,47,PG,Georgetown,Jackson,Michael
24773,Pierre Jackson,2013,2,42,PG,Baylor,Jackson,Pierre
24776,Reggie Jackson,2011,1,24,PG,Boston College,Jackson,Reggie
24778,Stephen Jackson,1997,2,42,SG,Butler CC,Jackson,Stephen
24780,Tracy Jackson,1981,2,25,G/F,Notre Dame,Jackson,Tracy
24781,Casey Jacobsen,2002,1,22,SG,Stanford,Jacobsen,Casey
24782,Sam Jacobson,1998,1,26,SG,Minnesota,Jacobson,Sam
24783,Dave Jamerson,1990,1,15,SG,Ohio,Jamerson,Dave
24784,Bernard James,2012,2,33,C,Florida St.,James,Bernard
24785,Damion James,2010,1,24,SF,Texas,James,Damion
24787,Jerome James,1998,2,36,C,Florida A&M,James,Jerome
24791,Tim James,1999,1,25,SF,Miami,James,Tim
24792,Antawn Jamison,1998,1,4,F,North Carolina,Jamison,Antawn
24796,Nathan Jawai,2008,2,41,PF,Cairns Taipans,Jawai,Nathan
24798,Chris Jefferies,2002,1,27,SF,Fresno State,Jefferies,Chris
24800,Al Jefferson,2004,1,15,PF/C,Prentiss HS ,Jefferson,Al
24801,Cory Jefferson,2014,2,60,PF,Baylor,Jefferson,Cory
24803,Richard Jefferson,2001,1,13,SF,Arizona,Jefferson,Richard
24804,Jared Jeffries,2002,1,11,PF/C,Indiana,Jeffries,Jared
24805,Charles Jenkins,2011,2,44,PG,Hofstra,Jenkins,Charles
24807,John Jenkins,2012,1,23,SG,Vanderbilt,Jenkins,John
24808,Brandon Jennings,2009,1,10,PG,Lottomatica Roma,Jennings,Brandon
24811,Les Jepsen,1990,2,28,C,Iowa,Jepsen,Les
24812,Jonas Jerebko,2009,2,39,PF,Angelico Biella,Jerebko,Jonas
24813,Grant Jerrett,2013,2,40,PF,Arizona,Jerrett,Grant
24817,Alexander Johnson,2006,2,45,F,Florida State,Johnson,Alexander
24818,Amir Johnson,2005,2,56,F,Westchester HS,Johnson,Amir
24819,Anthony Johnson,1997,2,39,PG/SG,College of Charleston,Johnson,Anthony
24820,Armon Johnson,2010,2,34,PG,Nevada,Johnson,Armon
24822,Brice Johnson,2016,1,25,PF,North Carolina,Johnson,Brice
24823,Buck Johnson,1986,1,20,SF,Alabama,Johnson,Buck
24829,Dakari Johnson,2015,2,48,C,Kentucky,Johnson,Dakari
24831,Dave Johnson,1992,1,26,SF,Syracuse,Johnson,Dave
24832,DeMarco Johnson,1998,2,38,PF,Charlotte,Johnson,DeMarco
24833,DerMarr Johnson,2000,1,6,SG/SF,Cincinnati,Johnson,DerMarr
24834,Eddie Johnson,1981,2,29,G/F,Illinois,Johnson,Eddie
24836,Ervin Johnson,1993,1,23,C,New Orleans,Johnson,Ervin
24837,Frank Johnson,1981,1,11,G,Wake Forest,Johnson,Frank
24839,JaJuan Johnson,2011,1,27,PF,Purdue,Johnson,JaJuan
24840,James Johnson,2009,1,16,SF,Wake Forest,Johnson,James
24841,Joe Johnson,2001,1,10,SG,Arkansas,Johnson,Joe
24842,Kannard Johnson,1987,2,41,SF,WKU,Johnson,Kannard
24844,Ken Johnson,1985,2,28,F,Michigan State,Johnson,Ken
24844,Ken Johnson,2001,2,49,C,Ohio State,Johnson,Ken
24845,Kevin Johnson,1987,1,7,PG,California,Johnson,Kevin
24846,Larry Johnson,1991,1,1,PF,UNLV,Johnson,Larry
24850,Nick Johnson,2014,2,42,PG/SG,Arizona,Johnson,Nick
24851,Orlando Johnson,2012,2,36,SG,UC Santa Barbara,Johnson,Orlando
24852,Reggie Johnson,1980,1,15,F/C,Tennessee,Johnson,Reggie
24853,Stanley Johnson,2015,1,8,SF,Arizona,Johnson,Stanley
24855,Steve Johnson,1981,1,7,F/C,Oregon State,Johnson,Steve
24859,Wesley Johnson,2010,1,4,SF,Syracuse,Johnson,Wesley
24860,Darius Johnson-Odom,2012,2,55,SG,Marquette,Johnson-Odom,Darius
24864,Alvin Jones,2001,2,57,C,Georgia Tech,Jones,Alvin
24865,Anthony Jones,1986,1,21,SF,UNLV,Jones,Anthony
24865,Anthony Jones,1991,2,52,SF,Oral Roberts,Jones,Anthony
24868,Bobby Jones,2006,2,37,F,Washington,Jones,Bobby
24871,Charles Jones,1984,2,36,F,Louisville,Jones,Charles
24872,Dahntay Jones,2003,1,20,SG,Duke,Jones,Dahntay
24873,Damian Jones,2016,1,30,C,Vanderbilt,Jones,Damian
24877,Dominique Jones,2010,1,25,SG,USF,Jones,Dominique
24880,Earl Jones,1984,1,23,C,UDC,Jones,Earl
24881,Eddie Jones,1994,1,10,SG,Temple,Jones,Eddie
24883,Fred Jones,2002,1,14,SG,Oregon,Jones,Fred
24886,James Jones,2003,2,49,SF,Miami (Florida),Jones,James
24887,Jumaine Jones,1999,1,27,SF,Georgia,Jones,Jumaine
24894,Popeye Jones,1992,2,41,F,Murray State,Jones,Popeye
24895,Shelton Jones,1988,2,27,F,St. John's,Jones,Shelton
24896,Solomon Jones,2006,2,33,F,South Florida,Jones,Solomon
24897,Terrence Jones,2012,1,18,PF,Kentucky,Jones,Terrence
24898,Tyus Jones,2015,1,24,PG,Duke,Jones,Tyus
24899,Adonis Jordan,1993,2,42,PG,Kansas,Jordan,Adonis
24900,DeAndre Jordan,2008,2,35,C,Texas A&M,Jordan,DeAndre
24901,Jerome Jordan,2010,2,44,C,Tulsa,Jordan,Jerome
24902,Michael Jordan,1984,1,3,G/F,North Carolina,Jordan,Michael
24906,Cory Joseph,2011,1,29,PG,Texas,Joseph,Cory
24908,Kris Joseph,2012,2,51,SF,Syracuse,Joseph,Kris
24909,Yvon Joseph,1985,2,36,C,Georgia Tech,Joseph,Yvon
24910,Chris Kaman,2003,1,6,C,Central Michigan,Kaman,Chris
24911,Frank Kaminsky,2015,1,9,C,Wisconsin,Kaminsky,Frank
24912,Enes Kanter,2011,1,3,C,Kentucky,Kanter,Enes
24913,Jason Kapono,2003,2,31,F/G,UCLA,Kapono,Jason
24914,Sergey Karasev,2013,1,19,SG/SF,Triumph Lyubertsy,Karasev,Sergey
24916,Mario Kasun,2002,2,41,C,Opel Skyliners,Kasun,Mario
24917,Sasha Kaun,2008,2,56,C,Kansas,Kaun,Sasha
24919,Adam Keefe,1992,1,10,PF,Stanford,Keefe,Adam
24921,Clark Kellogg,1982,1,8,PF,Ohio State,Kellogg,Clark
24922,Ryan Kelly,2013,2,48,PF,Duke,Kelly,Ryan
24924,Shawn Kemp,1989,1,17,PF/C,Trinity Valley CC,Kemp,Shawn
24926,Luke Kennard,2017,1,12,SG,Duke,Kennard,Luke
24929,Steve Kerr,1988,2,50,PG,Arizona,Kerr,Steve
24930,Jerome Kersey,1984,2,46,F,Longwood,Kersey,Jerome
24931,Alec Kessler,1990,1,12,PF,Georgia,Kessler,Alec
24932,Lari Ketner,1999,2,49,C,UMass,Ketner,Lari
24933,Randolph Keys,1988,1,22,SF,Southern Miss,Keys,Randolph
24934,Viktor Khryapa,2004,1,22,SF,CSKA Moscow,Khryapa,Viktor
24935,Jason Kidd,1994,1,2,PG,California,Kidd,Jason
24937,Michael Kidd-Gilchrist,2012,1,2,SF,Kentucky,Kidd-Gilchrist,Michael
24941,Bo Kimble,1990,1,8,SG,Loyola Marymount,Kimble,Bo
24943,Chad Kinch,1980,1,22,G,UNC Charlotte,Kinch,Chad
24944,Albert King,1981,1,10,G/F,Maryland,King,Albert
24945,Chris King,1992,2,45,F,Wake Forest,King,Chris
24946,Frankie King,1995,2,37,G,Western Carolina,King,Frankie
24948,Jimmy King,1995,2,35,G,Michigan,King,Jimmy
24950,Rich King,1991,1,14,C,Nebraska,King,Rich
24951,Stacey King,1989,1,6,C,Oklahoma,King,Stacey
24953,Andrei Kirilenko,1999,1,24,SF,CSKA Moscow,Kirilenko,Andrei
24956,Greg Kite,1983,1,21,C,BYU,Kite,Greg
24957,Kerry Kittles,1996,1,8,G,Villanova,Kittles,Kerry
24959,Joe Kleine,1985,1,6,C,Arkansas,Kleine,Joe
24960,Linas Kleiza,2005,1,27,F,Missouri,Kleiza,Linas
24962,Brandon Knight,2011,1,8,PG,Kentucky,Knight,Brandon
24963,Brevin Knight,1997,1,16,PG,Stanford,Knight,Brevin
24964,Negele Knight,1990,2,31,G,Dayton,Knight,Negele
24965,Travis Knight,1996,1,29,C,Connecticut,Knight,Travis
24967,Jon Koncak,1985,1,5,C,SMU,Koncak,Jon
24969,Furkan Korkmaz,2016,1,26,SG/SF,Anadolu Efes,Korkmaz,Furkan
24970,Frank Kornet,1989,2,30,F,Vanderbilt,Kornet,Frank
24971,Yaroslav Korolev,2005,1,12,F,CSKA Moscow,Korolev,Yaroslav
24972,Kyle Korver,2003,2,51,SG,Creighton,Korver,Kyle
24973,Kosta Koufos,2008,1,23,C,Ohio State,Koufos,Kosta
24978,Larry Krystkowiak,1986,2,28,PF,Montana,Krystkowiak,Larry
24983,Kyle Kuzma,2017,1,27,PF,Utah,Kuzma,Kyle
24987,Christian Laettner,1992,1,3,PF,Duke,Laettner,Christian
24989,Raef LaFrentz,1998,1,3,C/F,Kansas,LaFrentz,Raef
24991,Doron Lamb,2012,2,42,SG,Kentucky,Lamb,Doron
24992,Jeremy Lamb,2012,1,12,SG,Connecticut,Lamb,Jeremy
24993,Jeff Lamp,1981,1,15,G/F,Virginia,Lamp,Jeff
24994,Maciej Lampe,2003,2,30,PF,Complutense University of Madrid,Lampe,Maciej
24996,Sean Lampley,2001,2,45,SF,California,Lampley,Sean
24997,Carl Landry,2007,2,31,PF,Purdue,Landry,Carl
24999,Jerome Lane,1988,1,23,PF,Pittsburgh,Lane,Jerome
25000,Andrew Lang,1988,2,28,C,Arkansas,Lang,Andrew
25001,Antonio Lang,1994,2,29,F/G,Duke,Lang,Antonio
25002,James Lang,2003,2,48,C,Central Park Christian HS ,Lang,James
25003,Trajan Langdon,1999,1,11,SG,Duke,Langdon,Trajan
25005,Dan Langhi,2000,2,31,PF,Vanderbilt,Langhi,Dan
25007,Shane Larkin,2013,1,18,PG,Miami (FL),Larkin,Shane
25009,Stephane Lasme,2007,2,46,PF,Massachusetts,Lasme,Stephane
25010,Priest Lauderdale,1996,1,28,C,Peristeri,Lauderdale,Priest
25011,Joffrey Lauvergne,2013,2,55,C,Partizan Belgrade,Lauvergne,Joffrey
25012,Zach LaVine,2014,1,13,SG,UCLA,LaVine,Zach
25013,Acie Law,2007,1,11,PG,Texas A&M,Law,Acie
25014,Gani Lawal,2010,2,46,PF,Georgia Tech,Lawal,Gani
25016,Jason Lawson,1997,2,41,C,Villanova,Lawson,Jason
25017,Ty Lawson,2009,1,18,PG,North Carolina,Lawson,Ty
25018,Jake Layman,2016,2,47,SF,Maryland,Layman,Jake
25022,Eric Leckner,1988,1,17,C,Wyoming,Leckner,Eric
25023,Ricky Ledo,2013,2,43,SG,Providence,Ledo,Ricky
25024,Courtney Lee,2008,1,22,SG,Western Kentucky,Lee,Courtney
25025,David Lee,2005,1,30,PF,Florida,Lee,David
25026,Doug Lee,1987,2,35,SG,Purdue,Lee,Doug
25027,Keith Lee,1985,1,11,C,Memphis State,Lee,Keith
25029,Malcolm Lee,2011,2,43,SG,UCLA,Lee,Malcolm
25032,Alex Len,2013,1,5,C,Maryland,Len,Alex
25033,Voshon Lenard,1994,2,46,SG,Minnesota,Lenard,Voshon
25034,Gary Leonard,1989,2,34,C,Missouri,Leonard,Gary
25035,Kawhi Leonard,2011,1,15,SF,San Diego State,Leonard,Kawhi
25036,Meyers Leonard,2012,1,11,C,Illinois,Leonard,Meyers
25038,Travis Leslie,2011,2,47,SG,Georgia,Leslie,Travis
25039,Ronnie Lester,1980,1,10,G,Iowa,Lester,Ronnie
25041,Jon Leuer,2011,2,40,PF,Wisconsin,Leuer,Jon
25042,Fat Lever,1982,1,11,PG,Arizona State,Lever,Fat
25043,Caris LeVert,2016,1,20,SG,Michigan,LeVert,Caris
25044,Cliff Levingston,1982,1,9,PF,Wichita State,Levingston,Cliff
25046,Martin Lewis,1995,2,50,F,Seward County,Lewis,Martin
25047,Quincy Lewis,1999,1,19,SF,Minnesota,Lewis,Quincy
25049,Rashard Lewis,1998,2,32,PF,Alief Elsik HS,Lewis,Rashard
25050,Reggie Lewis,1987,1,22,SG,Northeastern,Lewis,Reggie
25051,Marcus Liberty,1990,2,42,F,Illinois,Liberty,Marcus
25052,Todd Lichti,1989,1,15,SG,Stanford,Lichti,Todd
25053,DeAndre Liggins,2011,2,53,SG,Kentucky,Liggins,DeAndre
25054,Damian Lillard,2012,1,6,PG,Weber St.,Lillard,Damian
25056,Steve Lingenfelter,1981,2,44,F,South Dakota State,Lingenfelter,Steve
25057,Alton Lister,1981,1,21,F/C,Arizona State,Lister,Alton
25058,Randy Livingston,1996,2,42,G,LSU,Livingston,Randy
25059,Shaun Livingston,2004,1,4,PG,Peoria HS,Livingston,Shaun
25063,Darrell Lockhart,1983,2,35,C,Auburn,Lockhart,Darrell
25065,Kevin Loder,1981,1,17,G/F,Alabama State,Loder,Kevin
25066,Brad Lohaus,1987,2,45,PF/C,Iowa,Lohaus,Brad
25068,Grant Long,1988,2,33,F,Eastern Michigan,Long,Grant
25070,Luc Longley,1991,1,7,C,New Mexico,Longley,Luc
25071,Kevon Looney,2015,1,30,PF,UCLA,Looney,Kevon
25072,Brook Lopez,2008,1,10,C,Stanford,Lopez,Brook
25075,Robin Lopez,2008,1,15,C,Stanford,Lopez,Robin
25077,Kevin Love,2008,1,5,PF,UCLA,Love,Kevin
25078,Sidney Lowe,1983,2,25,PG,NC State,Lowe,Sidney
25079,Kyle Lowry,2006,1,24,PG,Villanova,Lowry,Kyle
25082,Tyronn Lue,1998,1,23,PG,Nebraska,Lue,Tyronn
25084,Tyler Lydon,2017,1,24,PF,Syracuse,Lydon,Tyler
25085,Trey Lyles,2015,1,12,PF,Kentucky,Lyles,Trey
25086,George Lynch,1993,1,12,SF,North Carolina,Lynch,George
25087,Kevin Lynch,1991,2,28,G/F,Minnesota,Lynch,Kevin
25094,Shelvin Mack,2011,2,34,PG,Butler,Mack,Shelvin
25095,Malcolm Mackey,1993,1,27,PF,Georgia Tech,Mackey,Malcolm
25097,Vernon Macklin,2011,2,52,PF,Florida,Macklin,Vernon
25098,Don MacLean,1992,1,19,PF,UCLA,MacLean,Don
25099,Mark Macon,1991,1,8,SG,Temple,Macon,Mark
25101,Tito Maddox,2002,2,38,PG,Fresno State,Maddox,Tito
25103,Mark Madsen,2000,1,29,PF,Stanford,Madsen,Mark
25105,Corey Maggette,1999,1,13,SF/SG,Duke,Maggette,Corey
25106,Dave Magley,1982,2,28,PF,Kansas,Magley,Dave
25107,Jamaal Magloire,2000,1,19,PF/C,Kentucky,Magloire,Jamaal
25108,Ian Mahinmi,2005,1,28,F/C,Le Havre,Mahinmi,Ian
25109,Rick Mahorn,1980,2,35,F/C,Hampton,Mahorn,Rick
25110,Dan Majerle,1988,1,14,SF,Central Michigan,Majerle,Dan
25112,Thon Maker,2016,1,10,PF,Orangeville Prep,Maker,Thon
25113,Jeff Malone,1983,1,10,SG,Mississippi State,Malone,Jeff
25114,Karl Malone,1985,1,13,PF,Louisiana Tech,Malone,Karl
25117,Danny Manning,1988,1,1,PF,Kansas,Manning,Danny
25118,Rich Manning,1993,2,40,C,Washington,Manning,Rich
25119,Pace Mannion,1983,2,43,SF,Utah,Mannion,Pace
25120,Devyn Marble,2014,2,56,SG/SF,Iowa,Marble,Devyn
25121,Roy Marble,1989,1,23,SG/SF,Iowa,Marble,Roy
25122,Stephon Marbury,1996,1,4,G,Georgia Tech,Marbury,Stephon
25124,Shawn Marion,1999,1,9,SF/PF,UNLV,Marion,Shawn
25126,Lauri Markkanen,2017,1,7,PF,Arizona,Markkanen,Lauri
25127,Damir Markota,2006,2,59,F,Cibona Zagreb,Markota,Damir
25128,Sean Marks,1998,2,44,PF,California,Marks,Sean
25129,Donny Marshall,1995,2,39,F,Connecticut,Marshall,Donny
25130,Donyell Marshall,1994,1,4,SF,Connecticut,Marshall,Donyell
25131,Kendall Marshall,2012,1,13,PG,North Carolina,Marshall,Kendall
25133,Bill Martin,1985,2,26,F,Georgetown,Martin,Bill
25137,Cuonzo Martin,1995,2,57,G/F,Purdue,Martin,Cuonzo
25140,Jarell Martin,2015,1,25,PF,LSU,Martin,Jarell
25141,Jeff Martin,1989,2,31,G,Murray State,Martin,Jeff
25142,Kenyon Martin,2000,1,1,PF,Cincinnato (Sr.),Martin,Kenyon
25143,Kevin Martin,2004,1,26,SG,Western Carolina,Martin,Kevin
25144,Maurice Martin,1986,1,16,SF,Saint Joseph's,Martin,Maurice
25145,Jamal Mashburn,1993,1,4,SF,Kentucky,Mashburn,Jamal
25147,Desmond Mason,2000,1,17,SF/SG,Oklahoma State,Mason,Desmond
25150,Tony Massenburg,1990,2,43,F,Maryland,Massenburg,Tony
25152,Wes Matthews,1980,1,14,G,Wisconsin,Matthews,Wes
25154,Marlon Maxey,1992,2,28,PF,UTEP,Maxey,Marlon
25155,Jason Maxiell,2005,1,26,F,Cincinnati,Maxiell,Jason
25156,Vernon Maxwell,1988,2,47,SG,Florida,Maxwell,Vernon
25157,Sean May,2005,1,13,F,North Carolina,May,Sean
25158,Lee Mayberry,1992,1,23,PG,Arkansas,Mayberry,Lee
25161,Eric Maynor,2009,1,20,PG,VCU,Maynor,Eric
25163,Travis Mays,1990,1,14,PG,Texas,Mays,Travis
25164,Luc Mbah a Moute,2008,2,37,SF,UCLA,Mbah a Moute,Luc
25167,Bob McCann,1987,2,32,SF,Morehead State,McCann,Bob
25169,Rashad McCants,2005,1,14,G,North Carolina,McCants,Rashad
25171,Walter McCarty,1996,1,19,F,Kentucky,McCarty,Walter
25172,Amal McCaskill,1996,2,49,C,Marquette,McCaskill,Amal
25173,Patrick McCaw,2016,2,38,SG/SF,UNLV,McCaw,Patrick
25174,Dwayne McClain,1985,2,27,SG,Villanova,McClain,Dwayne
25175,Dan McClintock,2000,2,53,C,Northern Arizona,McClintock,Dan
25176,George McCloud,1989,1,7,SG/SF,Florida State,McCloud,George
25180,Tim McCormick,1984,1,12,C,Michigan,McCormick,Tim
25181,Jelani McCoy,1998,2,33,F/C,UCLA,McCoy,Jelani
25183,Rodney McCray,1983,1,3,SF,Louisville,McCray,Rodney
25184,Scooter McCray,1983,2,36,PF,Louisville,McCray,Scooter
25185,Chris McCullough,2015,1,29,PF,Syracuse,McCullough,Chris
25188,Xavier McDaniel,1985,1,4,PF,Wichita State,McDaniel,Xavier
25190,Doug McDermott,2014,1,11,SF,Creighton,McDermott,Doug
25192,Michael McDonald,1995,2,55,C,New Orleans,McDonald,Michael
25194,Antonio McDyess,1995,1,2,PF,Alabama,McDyess,Antonio
25196,Mitch McGary,2014,1,21,PF,Michigan,McGary,Mitch
25198,Mike McGee,1981,1,19,G/F,Michigan,McGee,Mike
25199,Tracy McGrady,1997,1,9,SG/SF,Mt. Zion Christian Academy,McGrady,Tracy
25201,Dominic McGuire,2007,2,47,SF,Fresno State,McGuire,Dominic
25202,Kevin McHale,1980,1,3,F/C,Minnesota,McHale,Kevin
25203,Jim McIlvaine,1994,2,32,C,Marquette,McIlvaine,Jim
25204,Jeff McInnis,1996,2,37,G,North Carolina,McInnis,Jeff
25207,Derrick McKey,1987,1,9,SF/PF,Alabama,McKey,Derrick
25208,Aaron McKie,1994,1,17,SG,Temple,McKie,Aaron
25211,Ben McLemore,2013,1,7,SG,Kansas,McLemore,Ben
25213,Roshown McLeod,1998,1,20,SF,Duke,McLeod,Roshown
25214,Nate McMillan,1986,2,30,PG,NC State,McMillan,Nate
25215,Mark McNamara,1982,1,22,C,California,McNamara,Mark
25217,Chris McNealy,1983,2,38,PF,San Jose State,McNealy,Chris
25220,Jordan McRae,2014,2,58,SG,Tennessee,McRae,Jordan
25221,Josh McRoberts,2007,2,37,PF,Duke,McRoberts,Josh
25223,Darnell Mee,1993,2,34,SG,Western Kentucky,Mee,Darnell
25224,Jodie Meeks,2009,2,41,SG,Kentucky,Meeks,Jodie
25228,Fab Melo,2012,1,22,C,Syracuse,Melo,Fab
25230,Ron Mercer,1997,1,6,SF,Kentucky,Mercer,Ron
25231,Loren Meyer,1995,1,24,PF,Iowa State,Meyer,Loren
25232,Larry Micheaux,1983,2,29,PF,Houston,Micheaux,Larry
25233,Jordan Mickey,2015,2,33,PF,LSU,Mickey,Jordan
25234,Khris Middleton,2012,2,39,SF,Texas A&M,Middleton,Khris
25235,Chris Mihm,2000,1,7,C/PF,Texas,Mihm,Chris
25238,Darius Miles,2000,1,3,SF/PF,East St. Louis HS (Illinois),Miles,Darius
25241,Andre Miller,1999,1,8,PG,Utah,Miller,Andre
25242,Anthony Miller,1994,2,39,F,Michigan State,Miller,Anthony
25245,Darius Miller,2012,2,46,SF,Kentucky,Miller,Darius
25246,Dick Miller,1980,2,40,F,Toledo,Miller,Dick
25248,Mike Miller,2000,1,5,SF/SG,Florida,Miller,Mike
25249,Oliver Miller,1992,1,22,C,Arkansas,Miller,Oliver
25250,Quincy Miller,2012,2,38,SF,Baylor,Miller,Quincy
25251,Reggie Miller,1987,1,11,SG,UCLA,Miller,Reggie
25252,Chris Mills,1993,1,22,SF,Arizona,Mills,Chris
25253,Patty Mills,2009,2,55,PG,Saint Mary's,Mills,Patty
25254,Terry Mills,1990,1,16,SF,Michigan,Mills,Terry
25256,Paul Millsap,2006,2,47,PF,Louisiana Tech,Millsap,Paul
25257,Harold Miner,1992,1,12,SG,USC,Miner,Harold
25258,Yao Ming,2002,1,1,C,Shanghai Sharks,Ming,Yao
25259,Dirk Minniefield,1983,2,33,PG,Kentucky,Minniefield,Dirk
25260,Greg Minor,1994,1,25,SG,Louisville,Minor,Greg
25263,Donovan Mitchell,2017,1,13,SG,Louisville,Mitchell,Donovan
25265,Todd Mitchell,1988,2,43,F,Purdue,Mitchell,Todd
25267,Tony Mitchell,2013,2,37,PF,North Texas,Mitchell,Tony
25268,Cuttino Mobley,1998,2,41,SG,Rhode Island,Mobley,Cuttino
25269,Eric Mobley,1994,1,18,PF,Pittsburgh,Mobley,Eric
25270,Nazr Mohammed,1998,1,29,C/F,Kentucky,Mohammed,Nazr
25274,Sergei Monia,2004,1,23,SG,CSKA Moscow,Monia,Sergei
25275,Malik Monk,2017,1,11,SG,Kentucky,Monk,Malik
25276,Greg Monroe,2010,1,7,PF,Georgetown,Monroe,Greg
25277,Rodney Monroe,1991,2,30,G/F,NC State,Monroe,Rodney
25279,Eric Montross,1994,1,9,C,North Carolina,Montross,Eric
25281,Andre Moore,1987,2,31,PF,Loyola (IL),Moore,Andre
25286,Ron Moore,1987,2,25,C,West Virginia State,Moore,Ron
25289,Guy Morgan,1982,2,40,G,Wake Forest,Morgan,Guy
25290,Darren Morningstar,1992,2,47,C,Pittsburgh,Morningstar,Darren
25291,Chris Morris,1988,1,4,SF,Auburn,Morris,Chris
25292,Darius Morris,2011,2,41,PG,Michigan,Morris,Darius
25293,Isaiah Morris,1992,2,37,F,Arkansas,Morris,Isaiah
25294,Marcus Morris,2011,1,14,PF/SF,Kansas,Morris,Marcus
25295,Markieff Morris,2011,1,13,PF,Kansas,Morris,Markieff
25298,Terence Morris,2001,2,34,SF,Maryland,Morris,Terence
25299,Adam Morrison,2006,1,3,SF,Gonzaga,Morrison,Adam
25300,Mike Morrison,1989,2,51,G,Loyola ,Morrison,Mike
25302,Dwayne Morton,1994,2,45,F,Louisville,Morton,Dwayne
25303,John Morton,1989,1,25,PG,Seton Hall,Morton,John
25306,Lawrence Moten,1995,2,36,G,Syracuse,Moten,Lawrence
25310,Arnett Moultrie,2012,1,27,PF,Mississippi St.,Moultrie,Arnett
25311,Alonzo Mourning,1992,1,2,C,Georgetown,Mourning,Alonzo
25313,Emmanuel Mudiay,2015,1,7,PG,Guangdong Southern Tigers,Mudiay,Emmanuel
25314,Shabazz Muhammad,2013,1,14,SG/SF,UCLA,Muhammad,Shabazz
25315,Byron Mullens,2009,1,24,C,Ohio State,Mullens,Byron
25316,Chris Mullin,1985,1,7,SF,St. John's,Mullin,Chris
25320,Eric Murdock,1991,1,21,PG,Providence,Murdock,Eric
25322,Erik Murphy,2013,2,49,PF,Florida,Murphy,Erik
25323,Jay Murphy,1984,2,31,F,Boston College,Murphy,Jay
25324,Kevin Murphy,2012,2,47,SG,Tennessee Tech,Murphy,Kevin
25325,Ronnie Murphy,1987,1,17,SG,Jacksonville,Murphy,Ronnie
25327,Troy Murphy,2001,1,14,PF,Notre Dame,Murphy,Troy
25328,Dejounte Murray,2016,1,29,PG/SG,Washington,Murray,Dejounte
25329,Jamal Murray,2016,1,7,SG/PG,Kentucky,Murray,Jamal
25330,Lamond Murray,1994,1,7,SF,California,Murray,Lamond
25331,Ronald Murray,2002,2,42,SG,Shaw,Murray,Ronald
25332,Tracy Murray,1992,1,18,SF,UCLA,Murray,Tracy
25334,Mike Muscala,2013,2,44,C,Bucknell,Muscala,Mike
25335,Jerrod Mustaf,1990,1,17,F/C,Maryland,Mustaf,Jerrod
25336,Dikembe Mutombo,1991,1,4,C,Georgetown,Mutombo,Dikembe
25341,Mamadou N'Diaye,2000,1,26,C,Auburn,N'Diaye,Mamadou
25344,Abdel Nader,2016,2,58,SF,Iowa State,Nader,Abdel
25345,Lee Nailon,1999,2,43,SF,TCU,Nailon,Lee
25348,Larry Nance,1981,1,20,F/C,Clemson,Nance,Larry
25349,Shabazz Napier,2014,1,24,PG,Connecticut,Napier,Shabazz
25350,Steve Nash,1996,1,15,G,Santa Clara,Nash,Steve
25353,Kenny Natt,1980,2,30,G,Northeast Louisiana,Natt,Kenny
25354,Juan Carlos Navarro,2002,2,40,PG,FC Barcelona,Navarro,Juan Carlos
25361,Jameer Nelson,2004,1,20,PG,Saint Joseph's,Nelson,Jameer
25366,Raul Neto,2013,2,47,PG,Gipuzkoa Basket,Neto,Raul
25371,Johnny Newman,1986,2,29,SF,Richmond,Newman,Johnny
25372,Georges Niang,2016,2,50,PF,Iowa State,Niang,Georges
25373,Demetris Nichols,2007,2,53,SF,Syracuse,Nichols,Demetris
25374,Andrew Nicholson,2012,1,19,PF,St. Bonaventure,Nicholson,Andrew
25375,Gaylon Nickerson,1994,2,34,G,Northwestern Oklahoma State,Nickerson,Gaylon
25376,Carl Nicks,1980,1,23,G,Indiana State,Nicks,Carl
25379,Dyron Nix,1989,2,29,F,Tennessee,Nix,Dyron
25380,Joakim Noah,2007,1,9,C,Florida,Noah,Joakim
25382,David Noel,2006,2,39,F,North Carolina,Noel,David
25383,Nerlens Noel,2013,1,6,C,Kentucky,Noel,Nerlens
25384,Lucas Nogueira,2013,1,16,C,Estudiantes,Nogueira,Lucas
25385,Jeff Nordgaard,1996,2,53,F,Wisconsin Green Bay,Nordgaard,Jeff
25386,Ken Norman,1987,1,19,SF,Illinois,Norman,Ken
25387,Audie Norris,1982,2,37,C,Jackson State,Norris,Audie
25388,Moochie Norris,1996,2,33,G,West Florida,Norris,Moochie
25390,Steve Novak,2006,2,32,SF,Marquette,Novak,Steve
25391,Dirk Nowitzki,1998,1,9,PF,DJK Würzburg,Nowitzki,Dirk
25392,Frank Ntilikina,2017,1,8,PG,SIG Strasbourg,Ntilikina,Frank
25398,Charles O'Bannon,1997,2,31,PG,UCLA,O'Bannon,Charles
25399,Ed O'Bannon,1995,1,9,SF,UCLA,O'Bannon,Ed
25402,Patrick O'Bryant,2006,1,9,C,Bradley,O'Bryant,Patrick
25403,Mike O'Koren,1980,1,6,G/F,North Carolina,O'Koren,Mike
25404,Jermaine O'Neal,1996,1,17,F/C,Eau Claire HS ,O'Neal,Jermaine
25405,Shaquille O'Neal,1992,1,1,C,LSU,O'Neal,Shaquille
25407,Kyle O'Quinn,2012,2,49,PF,Norfolk St.,O'Quinn,Kyle
25409,Charles Oakley,1985,1,9,PF,Virginia Union,Oakley,Charles
25412,Greg Oden,2007,1,1,C,Ohio State,Oden,Greg
25413,Lamar Odom,1999,1,4,PF/SF,Rhode Island,Odom,Lamar
25416,Semi Ojeleye,2017,2,37,SF/PF,SMU,Ojeleye,Semi
25417,Emeka Okafor,2004,1,2,PF/C,Connecticut,Okafor,Emeka
25418,Jahlil Okafor,2015,1,3,C,Duke,Okafor,Jahlil
25419,Mehmet Okur,2001,2,38,C,Efes Pilsen,Okur,Mehmet
25420,Victor Oladipo,2013,1,2,SG/PG,Indiana,Oladipo,Victor
25422,Jawann Oldham,1980,2,41,C,Seattle,Oldham,Jawann
25423,Brian Oliver,1990,2,32,G,Georgia Tech,Oliver,Brian
25425,Jimmy Oliver,1991,2,39,G/F,Purdue,Oliver,Jimmy
25427,Michael Olowokandi,1998,1,1,C,Pacific,Olowokandi,Michael
25428,Kelly Olynyk,2013,1,13,C,Gonzaga,Olynyk,Kelly
25430,Chinanu Onuaku,2016,2,37,PF/C,Louisville,Onuaku,Chinanu
25431,Louis Orr,1980,2,29,F,Syracuse,Orr,Louis
25433,Daniel Orton,2010,1,29,C,Kentucky,Orton,Daniel
25434,Cedi Osman,2015,2,31,SG/SF,Anadolu Efes,Osman,Cedi
25435,Greg Ostertag,1995,1,28,C,Kansas,Ostertag,Greg
25439,Travis Outlaw,2003,1,23,SF,Starkville HS,Outlaw,Travis
25440,Doug Overton,1991,2,40,PG,La Salle,Overton,Doug
25442,Billy Owens,1991,1,3,SF,Syracuse,Owens,Billy
25443,Chris Owens,2002,2,48,PF,Texas,Owens,Chris
25447,Olumide Oyedeji,2000,2,42,PF,Würzburg,Oyedeji,Olumide
25448,Zaza Pachulia,2003,2,42,PF,Ülkerspor,Pachulia,Zaza
25451,Scott Padgett,1999,1,28,PF,Kentucky,Padgett,Scott
25452,Marcus Paige,2016,2,55,PG,North Carolina,Paige,Marcus
25454,Walter Palmer,1990,2,33,C/F,Dartmouth,Palmer,Walter
25456,Georgios Papagiannis,2016,1,13,C,Panathinaikos,Papagiannis,Georgios
25457,Kostas Papanikolaou,2012,2,48,SF,Olympiacos,Papanikolaou,Kostas
25460,Anthony Parker,1997,1,21,SG,Bradley,Parker,Anthony
25461,Jabari Parker,2014,1,2,SF/PF,Duke,Parker,Jabari
25463,Tony Parker,2001,1,28,PG,Paris Basket Racing,Parker,Tony
25464,Cherokee Parks,1995,1,12,C,Duke,Parks,Cherokee
25465,Chandler Parsons,2011,2,38,SF,Florida,Parsons,Chandler
25468,Andrae Patterson,1998,2,46,SF,Indiana,Patterson,Andrae
25469,Lamar Patterson,2014,2,48,SG/SF,Pittsburgh,Patterson,Lamar
25470,Patrick Patterson,2010,1,14,PF,Kentucky,Patterson,Patrick
25471,Ruben Patterson,1998,2,31,SF,Cincinnati,Patterson,Ruben
25473,Chris Paul,2005,1,4,PG,Wake Forest,Paul,Chris
25476,John Paxson,1983,1,19,PG,Notre Dame,Paxson,John
25477,Adreian Payne,2014,1,15,PF,Michigan State,Payne,Adreian
25478,Cameron Payne,2015,1,14,PG,Murray State,Payne,Cameron
25479,Kenny Payne,1989,1,19,PF,Louisville,Payne,Kenny
25480,Elfrid Payton,2014,1,10,PG,Louisiana Lafayette,Payton,Elfrid
25482,Gary Payton,1990,1,2,PG,Oregon State,Payton,Gary
25483,Oleksiy Pecherov,2006,1,18,C,BC Kyiv,Pecherov,Oleksiy
25485,Anthony Peeler,1992,1,15,SG,Missouri,Peeler,Anthony
25491,Mike Peplowski,1993,2,52,C,Michigan State,Peplowski,Mike
25492,Will Perdue,1988,1,11,C,Vanderbilt,Perdue,Will
25493,Kendrick Perkins,2003,1,27,C,Ozen HS ,Perkins,Kendrick
25494,Sam Perkins,1984,1,4,F/C,North Carolina,Perkins,Sam
25497,Elliot Perry,1991,2,37,PG,Memphis State,Perry,Elliot
25498,Tim Perry,1988,1,7,F,Temple,Perry,Tim
25499,Chuck Person,1986,1,4,SF,Auburn,Person,Chuck
25500,Wesley Person,1994,1,23,SG,Auburn,Person,Wesley
25501,Alec Peters,2017,2,54,SF,Valparaiso,Peters,Alec
25503,Morris Peterson,2000,1,21,SF/SG,Michigan State,Peterson,Morris
25504,Johan Petro,2005,1,25,C,Pau-Orthez,Petro,Johan
25509,Eddie Phillips,1982,1,21,SF,Alabama,Phillips,Eddie
25510,Bobby Phills,1991,2,45,SG,Southern,Phills,Bobby
25511,Eric Piatkowski,1994,1,15,SG,Nebraska,Piatkowski,Eric
25512,Paul Pierce,1998,1,10,G/F,Kansas,Pierce,Paul
25513,Ricky Pierce,1982,1,18,SF,Rice,Pierce,Ricky
25515,Ed Pinckney,1985,1,10,PF,Villanova,Pinckney,Ed
25519,Scottie Pippen,1987,1,5,SF,Central Arkansas,Pippen,Scottie
25521,Dexter Pittman,2010,2,32,C,Texas,Pittman,Dexter
25525,Mason Plumlee,2013,1,22,C,Duke,Plumlee,Mason
25526,Miles Plumlee,2012,1,26,C,Duke,Plumlee,Miles
25527,Gary Plummer,1984,2,45,F/C,Boston University,Plummer,Gary
25528,Pavel Podkolzin,2004,1,21,C,Metis Varese,Podkolzin,Pavel
25531,Scot Pollard,1997,1,19,C,Kansas,Pollard,Scot
25532,Olden Polynice,1987,1,8,C,Virginia,Polynice,Olden
25533,Quincy Pondexter,2010,1,26,SF,Washington,Pondexter,Quincy
25535,Mark Pope,1996,2,52,F,Kentucky,Pope,Mark
25537,Chris Porter,2000,2,55,F,Auburn,Porter,Chris
25538,Otto Porter,2013,1,3,SF,Georgetown,Porter,Otto
25539,Terry Porter,1985,1,24,PG,Wisconsin Stevens Point,Porter,Terry
25540,Bobby Portis,2015,1,22,PF,Arkansas,Portis,Bobby
25542,James Posey,1999,1,18,SG/SF,Xavier,Posey,James
25543,Lavor Postell,2000,2,39,SG,St. John's,Postell,Lavor
25544,Vitaly Potapenko,1996,1,12,C,Wright State,Potapenko,Vitaly
25545,Leon Powe,2006,2,49,F,California,Powe,Leon
25546,Dwight Powell,2014,2,45,PF,Stanford,Powell,Dwight
25549,Norman Powell,2015,2,46,SG,UCLA,Powell,Norman
25552,Paul Pressey,1982,1,20,SF,Tulsa,Pressey,Paul
25555,Harold Pressley,1986,1,17,SF,Villanova,Pressley,Harold
25557,Brent Price,1992,2,32,G,Oklahoma,Price,Brent
25558,Mark Price,1986,2,25,PG,Georgia Tech,Price,Mark
25562,Tayshaun Prince,2002,1,23,SF,Kentucky,Prince,Tayshaun
25563,Kevin Pritchard,1990,2,34,G,Kansas,Pritchard,Kevin
25564,Laron Profit,1999,2,38,SG/SF,Maryland,Profit,Laron
25565,Gabe Pruitt,2007,2,32,PG,USC,Pruitt,Gabe
25566,Joel Przybilla,2000,1,9,C,Minnesota,Przybilla,Joel
25569,Zhou Qi,2016,2,43,C,Xinjiang Flying Tigers,Qi,Zhou
25572,Brian Quinnett,1989,2,50,F,Washington State,Quinnett,Brian
25573,Ivan Rabb,2017,2,35,PF,California,Rabb,Ivan
25579,Ed Rains,1981,2,30,F,South Alabama,Rains,Ed
25582,Peter John Ramos,2004,2,32,C,Caguas,Ramos,Peter John
25583,Mark Randall,1991,1,26,PF,Kansas,Randall,Mark
25585,Julius Randle,2014,1,7,PF,Kentucky,Randle,Julius
25586,Anthony Randolph,2008,1,14,PF,LSU,Randolph,Anthony
25588,Zach Randolph,2001,1,19,PF,Michigan State,Randolph,Zach
25590,Kelvin Ransey,1980,1,4,G,Ohio State,Ransey,Kelvin
25591,Blair Rasmussen,1985,1,15,C,Oregon,Rasmussen,Blair
25592,Theo Ratliff,1995,1,18,PF/C,Wyoming,Ratliff,Theo
25593,Andy Rautins,2010,2,38,SG,Syracuse,Rautins,Andy
25594,Leo Rautins,1983,1,17,SF,Syracuse,Rautins,Leo
25596,James Ray,1980,1,5,F,Jacksonville,Ray,James
25599,Michael Redd,2000,2,43,SG,Ohio State,Redd,Michael
25601,Justin Reed,2004,2,40,SF,Mississippi,Reed,Justin
25603,Bryant Reeves,1995,1,6,C,Oklahoma State,Reeves,Bryant
25604,Khalid Reeves,1994,1,12,PG,Arizona,Reeves,Khalid
25606,Don Reid,1995,2,58,F,Georgetown,Reid,Don
25608,Ryan Reid,2010,2,57,PF,Florida State,Reid,Ryan
25611,Terrence Rencher,1995,2,32,G,Texas,Rencher,Terrence
25613,Shawn Respert,1995,1,8,SG,Michigan State,Respert,Shawn
25614,Jerry Reynolds,1985,1,22,G/F,LSU,Reynolds,Jerry
25615,Rodrick Rhodes,1997,1,24,SG,USC,Rhodes,Rodrick
25617,Glen Rice,1989,1,4,SF,Michigan,Rice,Glen
25618,Chris Richard,2007,2,41,PF,Florida,Richard,Chris
25620,Jason Richardson,2001,1,5,SG,Michigan State,Richardson,Jason
25622,Josh Richardson,2015,2,40,SG,Tennessee,Richardson,Josh
25623,Malachi Richardson,2016,1,22,SG,Syracuse,Richardson,Malachi
25625,Pooh Richardson,1989,1,10,PG,UCLA,Richardson,Pooh
25626,Quentin Richardson,2000,1,18,SF/SG,DePaul,Richardson,Quentin
25627,Mitch Richmond,1988,1,5,SG,Kansas State,Richmond,Mitch
25628,Isaiah Rider,1993,1,5,SG,UNLV,Rider,Isaiah
25629,Luke Ridnour,2003,1,14,PG,Oregon,Ridnour,Luke
25631,Eric Riley,1993,2,33,C,Michigan,Riley,Eric
25633,Austin Rivers,2012,1,10,SG,Duke,Rivers,Austin
25634,David Rivers,1988,1,25,PG,Notre Dame,Rivers,David
25635,Doc Rivers,1983,2,31,PG,Marquette,Rivers,Doc
25640,Fred Roberts,1982,2,27,PF,BYU,Roberts,Fred
25641,Lawrence Roberts,2005,2,55,F,Mississippi State,Roberts,Lawrence
25642,Stanley Roberts,1991,1,23,C,Real Madrid,Roberts,Stanley
25643,Alvin Robertson,1984,1,7,G,Arkansas,Robertson,Alvin
25644,Ryan Robertson,1999,2,45,G,Kansas,Robertson,Ryan
25645,Bernard Robinson,2004,2,45,SF,Michigan,Robinson,Bernard
25646,Chris Robinson,1996,2,51,G,Western Kentucky,Robinson,Chris
25647,Cliff Robinson,1989,2,36,PF/C,Connecticut,Robinson,Cliff
25649,David Robinson,1987,1,1,C,Navy,Robinson,David
25652,Glenn Robinson,1994,1,1,SF,Purdue,Robinson,Glenn
25654,James Robinson,1993,1,21,SG,Alabama,Robinson,James
25656,Nate Robinson,2005,1,21,G,Washington,Robinson,Nate
25657,Oliver Robinson,1982,2,24,SG,UAB,Robinson,Oliver
25658,Rumeal Robinson,1990,1,10,PG,Michigan,Robinson,Rumeal
25659,Thomas Robinson,2012,1,5,PF,Kansas,Robinson,Thomas
25660,Wayne Robinson,1980,2,31,F,Virginia Tech,Robinson,Wayne
25661,Dennis Rodman,1986,2,27,PF,Southeastern Oklahoma State,Rodman,Dennis
25663,Lou Roe,1995,2,30,F,UMass,Roe,Lou
25664,Carlos Rogers,1994,1,11,SF,Tennessee State,Rogers,Carlos
25665,Johnny Rogers,1986,2,34,PF,UC Irvine,Rogers,Johnny
25666,Rodney Rogers,1993,1,9,PF,Wake Forest,Rogers,Rodney
25667,Roy Rogers,1996,1,22,F,Alabama,Rogers,Roy
25669,Rajon Rondo,2006,1,21,PG,Kentucky,Rondo,Rajon
25670,Sean Rooks,1992,2,30,PF/C,Arizona,Rooks,Sean
25671,Derrick Rose,2008,1,1,PG,Memphis,Rose,Derrick
25672,Jalen Rose,1994,1,13,G/F,Michigan,Rose,Jalen
25673,Malik Rose,1996,2,44,F,Drexel,Rose,Malik
25676,Terrence Ross,2012,1,8,SG,Washington,Ross,Terrence
25677,Doug Roth,1989,2,41,C,Tennessee,Roth,Doug
25682,Brian Rowsom,1987,2,34,PF,UNC Wilmington,Rowsom,Brian
25683,Brandon Roy,2006,1,6,SG,Washington,Roy,Brandon
25685,Clifford Rozier,1994,1,16,PF,Louisville,Rozier,Clifford
25686,Terry Rozier,2015,1,16,PG,Louisville,Rozier,Terry
25687,Ricky Rubio,2009,1,5,PG,DKV Joventut,Rubio,Ricky
25691,Michael Ruffin,1999,2,32,PF,Tulsa,Ruffin,Michael
25693,Jeff Ruland,1980,2,25,F/C,Iona,Ruland,Jeff
25694,Stefano Rusconi,1990,2,52,PF/C,Ranger Varese,Rusconi,Stefano
25695,Brandon Rush,2008,1,13,SG,Kansas,Rush,Brandon
25696,Kareem Rush,2002,1,20,SG,Missouri,Rush,Kareem
25697,Bryon Russell,1993,2,45,SF,Long Beach State,Russell,Bryon
25698,D'Angelo Russell,2015,1,2,PG,Ohio State,Russell,D'Angelo
25701,Arvydas Sabonis,1986,1,24,C,Zalgiris,Sabonis,Arvydas
25702,Domantas Sabonis,2016,1,11,PF/C,Gonzaga,Sabonis,Domantas
25703,Robert Sacre,2012,2,60,C,Gonzaga,Sacre,Robert
25704,John Salley,1986,1,11,PF,Georgia Tech,Salley,John
25705,John Salmons,2002,1,26,SF/SG,Miami,Salmons,John
25707,Soumaila Samake,2000,2,36,C,Cincinnati Stuff,Samake,Soumaila
25708,Cheikh Samb,2006,2,51,C,WTC Cornellà,Samb,Cheikh
25710,Jamal Sampson,2002,2,47,C,California,Sampson,Jamal
25711,Ralph Sampson,1983,1,1,C,Virginia,Sampson,Ralph
25714,Jeff Sanders,1989,1,20,PF/C,Georgia Southern,Sanders,Jeff
25715,Larry Sanders,2010,1,15,C,VCU,Sanders,Larry
25719,Wayne Sappleton,1982,2,38,F,Loyola (IL),Sappleton,Wayne
25720,Dario Saric,2014,1,12,SF/PF,Cibona Zagreb,Saric,Dario
25721,Jason Sasser,1996,2,41,F,Texas Tech,Sasser,Jason
25722,Jeryl Sasser,2001,1,22,SG,SMU,Sasser,Jeryl
25724,Kenny Satterfield,2001,2,54,PG,Cincinnati,Satterfield,Kenny
25726,Brian Scalabrine,2001,2,35,PF,USC,Scalabrine,Brian
25728,DeWayne Scales,1980,2,36,F,LSU,Scales,DeWayne
25729,Danny Schayes,1981,1,13,F/C,Syracuse,Schayes,Danny
25730,Steve Scheffler,1990,2,39,C/F,Purdue,Scheffler,Steve
25733,Dwayne Schintzius,1990,1,24,C,Florida,Schintzius,Dwayne
25734,Russ Schoene,1982,2,45,F/C,Chattanooga,Schoene,Russ
25735,Detlef Schrempf,1985,1,8,SF/PF,Washington,Schrempf,Detlef
25738,Luis Scola,2002,2,56,PF,TAU Cerámica,Scola,Luis
25740,Byron Scott,1983,1,4,SG,Arizona State,Scott,Byron
25741,Dennis Scott,1990,1,4,SG/SF,Georgia Tech,Scott,Dennis
25743,Mike Scott,2012,2,43,PF,Virginia,Scott,Mike
25744,Shawnelle Scott,1994,2,43,C,St. John's,Scott,Shawnelle
25745,Carey Scurry,1985,2,37,F,LIU Brooklyn,Scurry,Carey
25747,Malik Sealy,1992,1,14,SF,St. John's,Sealy,Malik
25748,Thabo Sefolosha,2006,1,13,SG,Angelico Biella,Sefolosha,Thabo
25749,Rony Seikaly,1988,1,9,C,Syracuse,Seikaly,Rony
25750,Josh Selby,2011,2,49,PG,Kansas,Selby,Josh
25752,Brad Sellers,1986,1,9,C,Ohio State,Sellers,Brad
25753,Mouhamed Sene,2006,1,10,C,Verviers-Pepinster,Sene,Mouhamed
25755,Ansu Sesay,1998,2,30,SF,Mississippi,Sesay,Ansu
25756,Ramon Sessions,2007,2,56,PG,Nevada,Sessions,Ramon
25757,Ha Seung-Jin,2004,2,46,C,Yonsei University,Seung-Jin,Ha
25758,Tom Sewell,1984,1,22,G,Lamar,Sewell,Tom
25759,Charles Shackleford,1988,2,32,F/C,NC State,Shackleford,Charles
25761,God Shammgod,1997,2,45,PG,Providence,Shammgod,God
25762,Walter Sharpe,2008,2,32,PF,UAB,Sharpe,Walter
25764,Brian Shaw,1988,1,24,SG,UC Santa Barbara,Shaw,Brian
25765,Casey Shaw,1998,2,37,C,Toledo,Shaw,Casey
25766,Craig Shelton,1980,2,28,F,Georgetown,Shelton,Craig
25767,Tornike Shengelia,2012,2,54,SF,Spirou Charleroi,Shengelia,Tornike
25772,Iman Shumpert,2011,1,17,SG,Georgia Tech,Shumpert,Iman
25774,Pascal Siakam,2016,1,27,PF,New Mexico State,Siakam,Pascal
25778,Wayne Simien,2005,1,29,F,Kansas,Simien,Wayne
25779,Ben Simmons,2016,1,1,PF/PG,LSU,Simmons,Ben
25780,Bobby Simmons,2001,2,42,F/G,DePaul,Simmons,Bobby
25781,Cedric Simmons,2006,1,15,SF,NC State,Simmons,Cedric
25784,Lionel Simmons,1990,1,7,SF,La Salle,Simmons,Lionel
25785,Miles Simon,1998,2,42,SG,Arizona,Simon,Miles
25786,Dickey Simpkins,1994,1,21,PF,Providence,Simpkins,Dickey
25790,Kyle Singler,2011,2,33,SF,Duke,Singler,Kyle
25791,Sean Singletary,2008,2,42,PG,Virginia,Singletary,Sean
25792,Chris Singleton,2011,1,18,SF,Florida State,Singleton,Chris
25795,Charlie Sitton,1984,2,38,F,Oregon State,Sitton,Charlie
25796,Peyton Siva,2013,2,56,PG,Louisville,Siva,Peyton
25797,Scott Skiles,1986,1,22,PG,Michigan State,Skiles,Scott
25798,Brian Skinner,1998,1,22,F/C,Baylor,Skinner,Brian
25800,Jose Slaughter,1982,2,43,SG,Portland,Slaughter,Jose
25801,Tamar Slay,2002,2,54,SG,Marshall,Slay,Tamar
25804,Tom Sluby,1984,2,41,G,Notre Dame,Sluby,Tom
25805,Keith Smart,1988,2,41,G,Indiana,Smart,Keith
25806,Marcus Smart,2014,1,6,PG,Oklahoma State,Smart,Marcus
25809,Charles Smith,1988,1,3,PF,Pittsburgh,Smith,Charles
25809,Charles Smith,1997,1,26,SG,New Mexico,Smith,Charles
25811,Chris Smith,1992,2,34,G,Connecticut,Smith,Chris
25813,Craig Smith,2006,2,36,F,Boston College,Smith,Craig
25815,Derek Smith,1982,2,35,SG,Louisville,Smith,Derek
25816,Donta Smith,2004,2,34,SF,Southeastern Illinois,Smith,Donta
25817,Doug Smith,1991,1,6,PF,Missouri,Smith,Doug
25821,Jabari Smith,2000,2,45,C,LSU,Smith,Jabari
25822,Jason Smith,2007,1,20,PF,Colorado State,Smith,Jason
25825,Joe Smith,1995,1,1,PF,Maryland,Smith,Joe
25826,Josh Smith,2004,1,17,SF,Oak Hill Academy,Smith,Josh
25827,Keith Smith,1986,2,45,PG,Loyola Marymount,Smith,Keith
25828,Kenny Smith,1987,1,6,PG,North Carolina,Smith,Kenny
25829,LaBradford Smith,1991,1,19,SG,Louisville,Smith,LaBradford
25830,Larry Smith,1980,2,24,F/C,Alcorn State,Smith,Larry
25831,Leon Smith,1999,1,29,PF,King College Prep HS,Smith,Leon
25833,Michael Smith,1994,2,35,F,Providence,Smith,Michael
25833,Michael Smith,1989,1,13,PF,BYU,Smith,Michael
25834,Mike Smith,2000,2,35,F,Louisiana-Monroe,Smith,Mike
25835,Nolan Smith,2011,1,21,PG,Duke,Smith,Nolan
25836,Otis Smith,1986,2,41,SG,Jacksonville,Smith,Otis
25837,Reggie Smith,1992,2,31,C,TCU,Smith,Reggie
25838,Russ Smith,2014,2,47,PG/SG,Louisville,Smith,Russ
25839,Steve Smith,1991,1,5,SG,Michigan State,Smith,Steve
25843,Tony Smith,1990,2,51,G,Marquette,Smith,Tony
25844,Rik Smits,1988,1,2,C,Marist,Smits,Rik
25845,Mike Smrek,1985,2,25,C,Canisius,Smrek,Mike
25846,Tony Snell,2013,1,20,SF,New Mexico,Snell,Tony
25847,Eric Snow,1995,2,43,PG,Michigan State,Snow,Eric
25848,Kirk Snyder,2004,1,16,SG,Nevada,Snyder,Kirk
25849,Will Solomon,2001,2,33,PG,Clemson,Solomon,Will
25850,Darius Songaila,2002,2,50,PF,Wake Forest,Songaila,Darius
25852,Pape Sow,2004,2,47,PF,Cal State Fullerton,Sow,Pape
25854,Vassilis Spanoulis,2004,2,50,PG,Maroussi,Spanoulis,Vassilis
25856,Marreese Speights,2008,1,16,PF,Florida,Speights,Marreese
25858,Elmore Spencer,1992,1,25,C,UNLV,Spencer,Elmore
25859,Felton Spencer,1990,1,6,C,Louisville,Spencer,Felton
25860,Tiago Splitter,2007,1,28,C,TAU Cerámica,Splitter,Tiago
25861,Latrell Sprewell,1992,1,24,SG,Alabama,Sprewell,Latrell
25863,Ryan Stack,1998,2,48,C,South Carolina,Stack,Ryan
25864,Jerry Stackhouse,1995,1,3,SG,North Carolina,Stackhouse,Jerry
25865,Terence Stansbury,1984,1,15,G,Temple,Stansbury,Terence
25867,Nik Stauskas,2014,1,8,SG,Michigan,Stauskas,Nik
25868,Matt Steigenga,1992,2,52,F,Michigan State,Steigenga,Matt
25869,Vladimir Stepania,1998,1,27,C,Olimpija Ljubljana,Stepania,Vladimir
25871,Everette Stephens,1988,2,31,G,Purdue,Stephens,Everette
25873,Lance Stephenson,2010,2,40,SG,Cincinnati,Stephenson,Lance
25875,Brook Steppe,1982,1,17,SG,Georgia Tech,Steppe,Brook
25876,Barry Stevens,1985,2,43,G/F,Iowa State,Stevens,Barry
25877,DeShawn Stevenson,2000,1,23,SG,Washington Union HS,Stevenson,DeShawn
25878,Kebu Stewart,1997,2,35,SF/PF,Cal State Bakersfield,Stewart,Kebu
25882,Steve Stipanovich,1983,1,2,C,Missouri,Stipanovich,Steve
25883,Bryant Stith,1992,1,13,SG,Virginia,Stith,Bryant
25886,John Stockton,1984,1,16,G,Gonzaga,Stockton,John
25888,Ed Stokes,1993,2,35,C,Arizona,Stokes,Ed
25889,Greg Stokes,1985,2,33,F/C,Iowa,Stokes,Greg
25890,Jarnell Stokes,2014,2,35,PF,Tennessee,Stokes,Jarnell
25891,Diamond Stone,2016,2,40,C,Maryland,Stone,Diamond
25894,Damon Stoudamire,1995,1,7,PG,Arizona,Stoudamire,Damon
25895,Salim Stoudamire,2005,2,31,G,Arizona,Stoudamire,Salim
25896,Amar'e Stoudemire,2002,1,9,PF/C,Cypress Creek HS,Stoudemire,Amar'e
25897,D.J. Strawberry,2007,2,59,PG,Maryland,Strawberry,D.J.
25900,Rod Strickland,1988,1,19,PG,DePaul,Strickland,Rod
25902,Derek Strong,1990,2,47,F,Xavier,Strong,Derek
25903,Lamont Strothers,1991,2,43,G,Christopher Newport,Strothers,Lamont
25904,John Stroud,1980,2,27,F,Mississippi,Stroud,John
25905,Rodney Stuckey,2007,1,15,SG,Eastern Washington,Stuckey,Rodney
25906,Jared Sullinger,2012,1,21,PF,Ohio St.,Sullinger,Jared
25907,DaJuan Summers,2009,2,35,PF,Georgetown,Summers,DaJuan
25910,Jon Sundvold,1983,1,16,PG,Missouri,Sundvold,Jon
25911,Bob Sura,1995,1,17,SG,Florida State,Sura,Bob
25913,Greg Sutton,1991,2,49,G,Oral Roberts,Sutton,Greg
25914,Caleb Swanigan,2017,1,26,PF,Purdue,Swanigan,Caleb
25916,Robert Swift,2004,1,12,C,Bakersfield HS,Swift,Robert
25917,Stromile Swift,2000,1,2,PF/C,LSU,Swift,Stromile
25919,Pape Sy,2010,2,53,SF,STB Le Havre,Sy,Pape
25922,Wally Szczerbiak,1999,1,6,SG/SF,Miami (OH),Szczerbiak,Wally
25925,Chris Taft,2005,2,42,F,Pittsburgh,Taft,Chris
25927,Roy Tarpley,1986,1,7,C,Michigan,Tarpley,Roy
25928,Jayson Tatum,2017,1,3,SF,Duke,Tatum,Jayson
25930,Anthony Taylor,1988,2,44,G,Oregon,Taylor,Anthony
25934,Jeff Taylor,1982,2,42,SG,Texas Tech,Taylor,Jeff
25935,Jeffery Taylor,2012,2,31,SF,Vanderbilt,Taylor,Jeffery
25936,Jermaine Taylor,2009,2,32,SG,Central Florida,Taylor,Jermaine
25937,Johnny Taylor,1997,1,17,PF,Chattanooga,Taylor,Johnny
25939,Maurice Taylor,1997,1,14,PF,Michigan,Taylor,Maurice
25940,Mike Taylor,2008,2,55,PG,Idaho Stampede,Taylor,Mike
25941,Tyshawn Taylor,2012,2,41,PG,Kansas,Taylor,Tyshawn
25942,Vince Taylor,1982,2,34,SF,Duke,Taylor,Vince
25943,Terry Teagle,1982,1,16,SG,Baylor,Teagle,Terry
25944,Jeff Teague,2009,1,19,PG,Wake Forest,Teague,Jeff
25945,Marquis Teague,2012,1,29,PG,Kentucky,Teague,Marquis
25947,Sebastian Telfair,2004,1,13,PG,Lincoln HS,Telfair,Sebastian
25951,Jason Terry,1999,1,10,SG/PG,Arizona,Terry,Jason
25952,Hasheem Thabeet,2009,1,2,C,Connecticut,Thabeet,Hasheem
25955,David Thirdkill,1982,1,15,SF,Bradley,Thirdkill,David
25960,Etan Thomas,2000,1,12,PF/C,Syracuse,Thomas,Etan
25962,Isaiah Thomas,2011,2,60,PG,Washington,Thomas,Isaiah
25963,Isiah Thomas,1981,1,2,G,Indiana,Thomas,Isiah
25966,Jim Thomas,1983,2,40,SG,Indiana,Thomas,Jim
25967,John Thomas,1997,1,25,C,Minnesota,Thomas,John
25968,Kenny Thomas,1999,1,22,PF,New Mexico,Thomas,Kenny
25969,Kurt Thomas,1995,1,10,PF/C,TCU,Thomas,Kurt
25972,Tim Thomas,1997,1,7,SF,Villanova,Thomas,Tim
25973,Tyrus Thomas,2006,1,4,PF,LSU,Thomas,Tyrus
25974,Trey Thompkins,2011,2,37,PF,Georgia,Thompkins,Trey
25975,Bernard Thompson,1984,1,19,G/F,Fresno State,Thompson,Bernard
25976,Billy Thompson,1986,1,19,SF,Louisville,Thompson,Billy
25977,Brooks Thompson,1994,1,27,PG,Oklahoma State,Thompson,Brooks
25979,Dijon Thompson,2005,2,54,G/F,UCLA,Thompson,Dijon
25981,Jason Thompson,2008,1,12,PF,Rider,Thompson,Jason
25982,Kevin Thompson,1993,2,48,C,NC State,Thompson,Kevin
25983,Klay Thompson,2011,1,11,SG,Washington State,Thompson,Klay
25984,LaSalle Thompson,1982,1,5,C/PF,Texas,Thompson,LaSalle
25988,Tristan Thompson,2011,1,4,C/PF,Texas,Thompson,Tristan
25989,Al Thornton,2007,1,14,SF,Florida State,Thornton,Al
25991,Marcus Thornton,2009,2,43,SG,LSU,Thornton,Marcus
25991,Marcus Thornton,2015,2,45,PG,William & Mary,Thornton,Marcus
25992,Sindarius Thornwell,2017,2,48,SG,South Carolina,Thornwell,Sindarius
25993,Otis Thorpe,1984,1,9,F/C,Providence,Thorpe,Otis
25995,Darren Tillis,1982,1,23,C,Cleveland State,Tillis,Darren
25996,Jamaal Tinsley,2001,1,27,PG,Iowa State,Tinsley,Jamaal
25997,Wayman Tisdale,1985,1,2,PF,Oklahoma,Tisdale,Wayman
25999,Ray Tolbert,1981,1,18,F,Indiana,Tolbert,Ray
26000,Tom Tolbert,1988,2,34,F/C,Arizona,Tolbert,Tom
26002,Andrew Toney,1980,1,8,G,Southwestern Louisiana,Toney,Andrew
26009,Linton Townes,1982,2,33,SF,James Madison,Townes,Linton
26010,Karl-Anthony Towns,2015,1,1,C,Kentucky,Towns,Karl-Anthony
26011,Robert Traylor,1998,1,6,F/C,Michigan,Traylor,Robert
26012,Gary Trent,1995,1,11,PF,Ohio,Trent,Gary
26013,Jeff Trepagnier,2001,2,36,SG,USC,Trepagnier,Jeff
26014,Kelly Tripucka,1981,1,12,G/F,Notre Dame,Tripucka,Kelly
26017,Nikoloz Tskitishvili,2002,1,5,PF/C,Benetton Treviso,Tskitishvili,Nikoloz
26018,Alando Tucker,2007,1,29,SF,Wisconsin,Tucker,Alando
26020,P.J. Tucker,2006,2,35,F,Texas,Tucker,P.J.
26021,Trent Tucker,1982,1,6,SG,Minnesota,Tucker,Trent
26022,Ronny Turiaf,2005,2,37,F,Gonzaga,Turiaf,Ronny
26026,Elston Turner,1981,2,43,G/F,Mississippi,Turner,Elston
26027,Evan Turner,2010,1,2,SF/SG,Ohio State,Turner,Evan
26029,Jeff Turner,1984,1,17,F/C,Vanderbilt,Turner,Jeff
26030,John Turner,1991,1,20,PF,Phillips,Turner,John
26031,Myles Turner,2015,1,11,C,Texas,Turner,Myles
26033,Melvin Turpin,1984,1,6,C,Kentucky,Turpin,Melvin
26034,B.J. Tyler,1994,1,20,PG,Texas,Tyler,B.J.
26035,Jeremy Tyler,2011,2,39,PF,Tokyo Apache,Tyler,Jeremy
26037,Ekpe Udoh,2010,1,6,C,Baylor,Udoh,Ekpe
26039,Beno Udrih,2004,1,28,PG,Breil Milano,Udrih,Beno
26041,Tyler Ulis,2016,2,34,PG,Kentucky,Ulis,Tyler
26046,Darnell Valentine,1981,1,16,G,Kansas,Valentine,Darnell
26047,Denzel Valentine,2016,1,14,SG/SF,Michigan State,Valentine,Denzel
26049,Nick Van Exel,1993,2,37,PG,Cincinnati,Van Exel,Nick
26050,Keith Van Horn,1997,1,2,PF,Utah,Van Horn,Keith
26052,Kiki Vandeweghe,1980,1,11,F,UCLA,Vandeweghe,Kiki
26053,Nick Vanos,1985,2,32,C,Santa Clara,Vanos,Nick
26058,Jarvis Varnado,2010,2,41,PF,Mississippi State,Varnado,Jarvis
26060,David Vaughn,1995,1,25,PF/C,Memphis,Vaughn,David
26061,Jacque Vaughn,1997,1,27,PG,Kansas,Vaughn,Jacque
26062,Rashad Vaughn,2015,1,17,SG,UNLV,Vaughn,Rashad
26063,Loy Vaught,1990,1,13,PF,Michigan,Vaught,Loy
26068,Charlie Villanueva,2005,1,7,F,Connecticut,Villanueva,Charlie
26069,Jay Vincent,1981,2,24,F,Michigan State,Vincent,Jay
26070,Sam Vincent,1985,1,20,SG,Michigan State,Vincent,Sam
26071,Marcus Vinicius,2006,2,43,F,Objetivo São Carlos,Vinicius,Marcus
26075,Noah Vonleh,2014,1,9,PF,Indiana,Vonleh,Noah
26076,Jake Voskuhl,2000,2,33,C,Connecticut,Voskuhl,Jake
26077,Danny Vranes,1981,1,5,F,Utah,Vranes,Danny
26081,Jackson Vroman,2004,2,31,C,Iowa State,Vroman,Jackson
26084,Dwyane Wade,2003,1,5,SG,Marquette,Wade,Dwyane
26086,Von Wafer,2005,2,39,G,Florida State,Wafer,Von
26087,Dajuan Wagner,2002,1,6,PG,Memphis,Wagner,Dajuan
26088,Milt Wagner,1986,2,35,SG,Louisville,Wagner,Milt
26089,Dion Waiters,2012,1,4,SG,Syracuse,Waiters,Dion
26090,Granville Waiters,1983,2,39,C,Ohio State,Waiters,Granville
26091,Antoine Walker,1996,1,6,F,Kentucky,Walker,Antoine
26092,Darrell Walker,1983,1,12,SG,Arkansas,Walker,Darrell
26094,Kemba Walker,2011,1,9,PG,Connecticut,Walker,Kemba
26095,Kenny Walker,1986,1,5,SF,Kentucky,Walker,Kenny
26096,Samaki Walker,1996,1,9,F,Louisville,Walker,Samaki
26097,John Wall,2010,1,1,PG,Kentucky,Wall,John
26099,Gerald Wallace,2001,1,25,SF,Alabama,Wallace,Gerald
26100,John Wallace,1996,1,18,F,Syracuse,Wallace,John
26101,Rasheed Wallace,1995,1,4,PF,North Carolina,Wallace,Rasheed
26105,Rex Walters,1993,1,16,SG,Kansas,Walters,Rex
26107,Luke Walton,2003,2,32,SF,Arizona,Walton,Luke
26108,Charlie Ward,1994,1,26,PG,Florida State,Ward,Charlie
26111,Willie Warren,2010,2,54,PG,Oklahoma,Warren,Willie
26112,Bryan Warrick,1982,2,25,SG,Saint Joseph's,Warrick,Bryan
26113,Hakim Warrick,2005,1,19,F,Syracuse,Warrick,Hakim
26114,Chris Washburn,1986,1,3,C,NC State,Washburn,Chris
26116,Duane Washington,1987,2,36,SG,Middle Tennessee,Washington,Duane
26117,Eric Washington,1997,2,46,SG,Alabama,Washington,Eric
26121,Earl Watson,2001,2,40,PG,UCLA,Watson,Earl
26122,Jamie Watson,1994,2,47,F,South Carolina,Watson,Jamie
26126,Clarence Weatherspoon,1992,1,9,PF,Southern Miss,Weatherspoon,Clarence
26127,Kyle Weaver,2008,2,38,SG,Washington State,Weaver,Kyle
26130,Chris Webber,1993,1,1,PF/C,Michigan,Webber,Chris
26132,Jeff Webster,1994,2,40,F,Oklahoma,Webster,Jeff
26133,Martell Webster,2005,1,6,G/F,Seattle Prep. School,Webster,Martell
26134,Sonny Weems,2008,2,39,SG,Arkansas,Weems,Sonny
26136,Bonzi Wells,1998,1,11,G/F,Ball State,Wells,Bonzi
26137,Bubba Wells,1997,2,34,SF/PF,Austin Peay,Wells,Bubba
26140,Bill Wennington,1985,1,16,C,St. John's,Wennington,Bill
26142,Robert Werdann,1992,2,46,C,St. John's,Werdann,Robert
26144,David West,2003,1,18,PF,Xavier,West,David
26145,Delonte West,2004,1,24,PG,Saint Joseph's,West,Delonte
26146,Doug West,1989,2,38,G/F,Villanova,West,Doug
26148,Mark West,1983,2,30,C,Old Dominion,West,Mark
26149,Russell Westbrook,2008,1,4,PG,UCLA,Westbrook,Russell
26150,Robert Whaley,2005,2,51,C,Walsh,Whaley,Robert
26151,Ennis Whatley,1983,1,13,PG,Alabama,Whatley,Ennis
26152,DeJuan Wheat,1997,2,51,PG,Louisville,Wheat,DeJuan
26154,Tyson Wheeler,1998,2,47,PG,Rhode Island,Wheeler,Tyson
26156,Derrick White,2017,1,29,PG/SG,Colorado,White,Derrick
26158,Jahidi White,1998,2,43,F/C,Georgetown,White,Jahidi
26159,James White,2006,2,31,G,Cincinnati,White,James
26161,Randy White,1989,1,8,PF,Louisiana Tech,White,Randy
26162,Rodney White,2001,1,9,SF/PF,Charlotte,White,Rodney
26164,Royce White,2012,1,16,PF,Iowa St.,White,Royce
26165,Tony White,1987,2,33,PG,Tennessee,White,Tony
26166,Willie White,1984,2,42,G,Chattanooga,White,Willie
26167,Isaiah Whitehead,2016,2,42,PG/SG,Seton Hall,Whitehead,Isaiah
26169,Hassan Whiteside,2010,2,33,C,Marshall,Whiteside,Hassan
26170,Dwayne Whitfield,1995,2,40,F,Jackson State,Whitfield,Dwayne
26171,Chris Whitney,1993,2,47,PG,Clemson,Whitney,Chris
26174,Andrew Wiggins,2014,1,1,SF/SG,Kansas,Wiggins,Andrew
26175,Mitchell Wiggins,1983,1,23,SG,Florida State,Wiggins,Mitchell
26177,Chris Wilcox,2002,1,8,PF/C,Maryland,Wilcox,Chris
26179,Michael Wiley,1980,2,39,F,Long Beach State,Wiley,Michael
26180,Morlon Wiley,1988,2,46,G,Long Beach State,Wiley,Morlon
26183,Dominique Wilkins,1982,1,3,SF,Georgia,Wilkins,Dominique
26185,Gerald Wilkins,1985,2,47,SG,Chattanooga,Wilkins,Gerald
26191,Alvin Williams,1997,2,47,PG,Villanova,Williams,Alvin
26193,Buck Williams,1981,1,3,F/C,Maryland,Williams,Buck
26195,Corey Williams,1992,2,33,G,Oklahoma State,Williams,Corey
26196,Deron Williams,2005,1,3,PG,Illinois,Williams,Deron
26197,Derrick Williams,2011,1,2,SF/PF,Arizona,Williams,Derrick
26199,Elliot Williams,2010,1,22,SG,Memphis,Williams,Elliot
26200,Eric Williams,1995,1,14,SF,Providence,Williams,Eric
26201,Frank Williams,2002,1,25,PG,Illinois,Williams,Frank
26202,Guy Williams,1983,2,34,F,Washington State,Williams,Guy
26203,Herb Williams,1981,1,14,F/C,Ohio State,Williams,Herb
26205,Jason Williams,1998,1,7,PG,Florida,Williams,Jason
26207,Jay Williams,2002,1,2,PG,Duke,Williams,Jay
26208,Jayson Williams,1990,1,21,PF/C,St. John's,Williams,Jayson
26209,Jerome Williams,1996,1,26,F,Georgetown,Williams,Jerome
26210,John Williams,1986,1,12,PF,LSU,Williams,John
26211,Jordan Williams,2011,2,36,PF,Maryland,Williams,Jordan
26213,Kenny Williams,1990,2,46,F,Elizabeth City State,Williams,Kenny
26214,Kevin Williams,1983,2,46,PG,St. John's,Williams,Kevin
26218,Marcus Williams,2006,1,22,G,Connecticut,Williams,Marcus
26218,Marcus Williams,2007,2,33,SF,Arizona,Williams,Marcus
26219,Marvin Williams,2005,1,2,F,North Carolina,Williams,Marvin
26221,Micheal Williams,1988,2,48,G,Baylor,Williams,Micheal
26223,Mo Williams,2003,2,47,PG,Alabama,Williams,Mo
26224,Monty Williams,1994,1,24,SF,Notre Dame,Williams,Monty
26227,Reggie Williams,1987,1,4,SF,Georgetown,Williams,Reggie
26229,Rob Williams,1982,1,19,PG,Houston,Williams,Rob
26230,Sam Williams,1981,2,33,F,Arizona State,Williams,Sam
26232,Sean Williams,2007,1,17,PF,Boston College,Williams,Sean
26233,Shammond Williams,1998,2,34,PG,North Carolina,Williams,Shammond
26234,Shawne Williams,2006,1,17,PF,Memphis,Williams,Shawne
26235,Shelden Williams,2006,1,5,PF,Duke,Williams,Shelden
26237,Terrence Williams,2009,1,11,SG,Louisville,Williams,Terrence
26240,Walt Williams,1992,1,7,SF,Maryland,Williams,Walt
26241,Corliss Williamson,1995,1,13,PF,Arkansas,Williamson,Corliss
26242,Kevin Willis,1984,1,11,F/C,Michigan State,Willis,Kevin
26248,Nikita Wilson,1987,2,30,SF,LSU,Wilson,Nikita
26249,Othell Wilson,1984,2,35,G,Virginia,Wilson,Othell
26251,Trevor Wilson,1990,2,36,F,UCLA,Wilson,Trevor
26254,David Wingate,1986,2,44,SG,Georgetown,Wingate,David
26255,Dontonio Wingfield,1994,2,37,F,Cincinnati,Wingfield,Dontonio
26256,Justise Winslow,2015,1,10,SF,Duke,Winslow,Justise
26257,Rickie Winslow,1987,2,28,SF,Houston,Winslow,Rickie
26259,Voise Winters,1985,2,44,SG,Bradley,Winters,Voise
26260,Jeff Withey,2013,2,39,C,Kansas,Withey,Jeff
26261,Randy Wittman,1983,1,22,SG,Indiana,Wittman,Randy
26263,Joe Wolf,1987,1,13,C,North Carolina,Wolf,Joe
26265,Nate Wolters,2013,2,38,PG,South Dakota State,Wolters,Nate
26266,Al Wood,1981,1,4,G/F,North Carolina,Wood,Al
26269,Howard Wood,1981,2,27,F,Tennessee,Wood,Howard
26270,Leon Wood,1984,1,10,G,Cal State Fullerton,Wood,Leon
26271,Loren Woods,2001,2,46,C,Arizona,Woods,Loren
26272,Qyntel Woods,2002,1,21,SF,Northeast Mississippi CC,Woods,Qyntel
26273,Randy Woods,1992,1,16,PG,La Salle,Woods,Randy
26274,Mike Woodson,1980,1,12,G/F,Indiana,Woodson,Mike
26275,Orlando Woolridge,1981,1,6,F,Notre Dame,Woolridge,Orlando
26276,Haywoode Workman,1989,2,49,G,Oral Roberts,Workman,Haywoode
26278,Sam Worthen,1980,2,26,F,Marquette,Worthen,Sam
26279,James Worthy,1982,1,1,SF,North Carolina,Worthy,James
26280,Antoine Wright,2005,1,15,G/F,Texas A&M,Wright,Antoine
26281,Bracey Wright,2005,2,47,G,Indiana,Wright,Bracey
26283,Brandan Wright,2007,1,8,PF,North Carolina,Wright,Brandan
26286,Delon Wright,2015,1,20,PG,Utah,Wright,Delon
26287,Dorell Wright,2004,1,19,SF,South Kent School,Wright,Dorell
26289,Julian Wright,2007,1,13,SF,Kansas,Wright,Julian
26290,Lorenzen Wright,1996,1,7,C,Memphis,Wright,Lorenzen
26291,Luther Wright,1993,1,18,C,Seton Hall,Wright,Luther
26292,Sharone Wright,1994,1,6,PF/C,Clemson,Wright,Sharone
26293,Tony Wroten,2012,1,25,PG,Washington,Wroten,Tony
26295,Guerschon Yabusele,2016,1,16,PF,Rouen Métropole,Yabusele,Guerschon
26296,Vincent Yarbrough,2002,2,33,SF,Tennessee,Yarbrough,Vincent
26298,Danny Young,1984,2,39,G,Wake Forest,Young,Danny
26299,James Young,2014,1,17,SG/SF,Kentucky,Young,James
26301,Korleone Young,1998,2,40,SF,Hargrave Military Academy,Young,Korleone
26302,Michael Young,1984,1,24,G/F,Houston,Young,Michael
26303,Nick Young,2007,1,16,SG,USC,Young,Nick
26305,Sam Young,2009,2,36,SF,Pittsburgh,Young,Sam
26306,Thaddeus Young,2007,1,12,PF,Georgia Tech,Young,Thaddeus
26307,Tim Young,1999,2,56,C,Stanford,Young,Tim
26309,Cody Zeller,2013,1,4,C/PF,Indiana,Zeller,Cody
26311,Tyler Zeller,2012,1,17,C,North Carolina,Zeller,Tyler
26314,Wang Zhizhi,1999,2,36,C,Bayi Rockets,Zhizhi,Wang
26315,George Zidek,1995,1,22,C,UCLA,Zidek,George
26316,Derrick Zimmerman,2003,2,40,PG,Mississippi State,Zimmerman,Derrick
26317,Stephen Zimmerman,2016,2,41,PF/C,UNLV,Zimmerman,Stephen
26318,Paul Zipser,2016,2,48,SG/SF,FC Bayern Munich,Zipser,Paul
26321,Ivica Zubac,2016,2,32,C,Mega Leks,Zubac,Ivica
